"ID","Description","GeneRatio","BgRatio","pvalue","p.adjust","qvalue","geneID","Count"
"GO:0006260","DNA replication","66/967","296/17653",3.77486612268869e-23,2.67185024163906e-19,2.33088049217809e-19,"DTL/CCNE2/MCM10/CDC25A/CLSPN/RRM2/JUN/AREG/CDC45/EXO1/E2F7/ORC1/POLE2/GINS1/MCM7/GINS2/MCM5/RAD51/MCM6/ORC6/POLQ/CHAF1A/MCM3/MCM4/BLM/E2F8/MCM2/PCNA/TICRR/PRIM1/CDC6/BRIP1/POLD3/RFWD3/EGFR/CDK2/RFC3/MCM8/GMNN/POLA2/RFC2/ESCO2/BRCA1/BMP5/BRCA2/WDHD1/MCMBP/POLE/CDK1/MMS22L/RFC4/DNA2/DSCC1/TGFB1/ID3/NFIB/TIPIN/CHAF1B/POLD4/GINS4/ING4/FEN1/EME1/RMI1/RPA2/CDC25C",66
"GO:0006261","DNA-dependent DNA replication","46/967","151/17653",1.95115471020925e-22,6.90513651943053e-19,6.02393343688813e-19,"CCNE2/MCM10/CDC45/E2F7/ORC1/POLE2/GINS1/MCM7/GINS2/MCM5/RAD51/MCM6/ORC6/POLQ/MCM3/MCM4/BLM/E2F8/MCM2/PCNA/TICRR/PRIM1/CDC6/POLD3/RFWD3/CDK2/RFC3/MCM8/GMNN/POLA2/RFC2/BMP5/BRCA2/WDHD1/MCMBP/POLE/MMS22L/RFC4/DNA2/DSCC1/TIPIN/POLD4/GINS4/FEN1/EME1/RPA2",46
"GO:0007059","chromosome segregation","71/967","358/17653",1.12488889919152e-21,2.65398787615918e-18,2.31529764303769e-18,"CCNE2/CDCA5/MAD2L1/HASPIN/HECW2/NCAPH/TRIP13/CENPK/CENPU/CDC6/BRIP1/KIF18B/FAM83D/NCAPD3/HJURP/RAD18/SKA3/AURKB/ZWINT/ESCO2/BRCA1/ERCC6L/KIFC1/DSN1/MCMBP/MKI67/CDCA8/UBE2C/DSCC1/RRS1/CENPO/SPC24/SGO1/KIF2C/CENPN/TTK/FANCD2/ECT2/PRC1/KNSTRN/NCAPG/KNTC1/SPDL1/KIF23/CHMP4C/SKA1/ESPL1/CCNB1/FEN1/PLK1/NUF2/EME1/BUB1/BIRC5/CENPA/TACC3/CENPQ/OIP5/KIF11/SPAG5/SPC25/KIF14/CENPL/RACGAP1/KNL1/ZWILCH/SGO2/CENPI/CENPH/CENPE/SETDB2",71
"GO:0000819","sister chromatid segregation","56/967","239/17653",6.69361880208019e-21,1.18443584702809e-17,1.03328336560533e-17,"CDCA5/MAD2L1/HASPIN/HECW2/NCAPH/TRIP13/CENPK/CENPU/CDC6/KIF18B/NCAPD3/AURKB/ZWINT/ERCC6L/KIFC1/DSN1/MCMBP/CDCA8/UBE2C/DSCC1/RRS1/CENPO/SPC24/SGO1/KIF2C/CENPN/TTK/PRC1/KNSTRN/NCAPG/KNTC1/SPDL1/KIF23/CHMP4C/SKA1/ESPL1/CCNB1/FEN1/PLK1/NUF2/BUB1/BIRC5/CENPA/TACC3/CENPQ/SPAG5/SPC25/KIF14/CENPL/RACGAP1/KNL1/ZWILCH/SGO2/CENPI/CENPH/CENPE",56
"GO:0071103","DNA conformation change","62/967","292/17653",1.20169576341594e-20,1.7011205226916e-17,1.48403102067324e-17,"CDCA5/HIST1H2BB/CDC45/HIST1H1B/GINS1/MCM7/HIST1H3A/GINS2/HIST1H1A/MCM5/RAD51/MCM6/HIST1H2BF/CHAF1A/MCM4/BLM/NCAPH/ASF1B/HIST1H2BM/MCM2/RAD54L/HMGA2/CENPK/CENPU/BRIP1/HELLS/NCAPG2/HIST1H3J/NCAPD3/HJURP/HIST1H2BG/HIST1H1D/HIST1H2BH/HIST1H3F/HIST1H3G/HIST1H4A/CDK1/DNA2/HHEX/CENPO/HIST1H3B/HIST1H2BO/CENPN/HIST1H2BL/HIST1H4D/CHAF1B/NCAPG/GINS4/HIST1H3E/CCNB1/HIST1H4B/HIST1H4F/CENPA/CENPQ/OIP5/HIST2H4B/HIST2H4A/CENPL/KNL1/CENPI/HIST1H2BI/CENPH",62
"GO:0098813","nuclear chromosome segregation","62/967","307/17653",1.76460434931174e-19,2.08164493073809e-16,1.81599458123907e-16,"CCNE2/CDCA5/MAD2L1/HASPIN/HECW2/NCAPH/TRIP13/CENPK/CENPU/CDC6/BRIP1/KIF18B/FAM83D/NCAPD3/AURKB/ZWINT/ERCC6L/KIFC1/DSN1/MCMBP/CDCA8/UBE2C/DSCC1/RRS1/CENPO/SPC24/SGO1/KIF2C/CENPN/TTK/FANCD2/ECT2/PRC1/KNSTRN/NCAPG/KNTC1/SPDL1/KIF23/CHMP4C/SKA1/ESPL1/CCNB1/FEN1/PLK1/NUF2/EME1/BUB1/BIRC5/CENPA/TACC3/CENPQ/SPAG5/SPC25/KIF14/CENPL/RACGAP1/KNL1/ZWILCH/SGO2/CENPI/CENPH/CENPE",62
"GO:0048285","organelle fission","76/967","457/17653",2.1279766174983e-18,2.15168835695043e-15,1.87709937417219e-15,"TGFA/CCNE2/CDCA5/MAD2L1/HASPIN/XRCC2/RAD51/HECW2/MASTL/NCAPH/TRIP13/PKMYT1/CDC6/BRIP1/KIF18B/FIGNL1/NCAPD3/PRKN/RANBP1/AURKB/ZWINT/DCN/MYBL2/KIFC1/BRCA2/MYO19/DSN1/MKI67/FANCA/CDCA8/UBE2C/DSCC1/RRS1/FBXO5/MTFR2/TGFB1/MSH2/MYBL1/UBE2S/SGO1/KIF2C/PPARGC1A/TTK/FANCD2/PRC1/KNSTRN/NCAPG/KNTC1/LIF/SPDL1/KIF23/CHMP4C/ESPL1/CCNB1/PLK1/PSMC3IP/NUF2/EME1/KIF20B/BUB1/BIRC5/PDGFRB/TACC3/AURKA/STAT2/MTBP/KIF11/ANLN/SPAG5/CKS2/KIF14/RACGAP1/SGO2/TPX2/CENPE/CDC25C",76
"GO:0006323","DNA packaging","48/967","208/17653",8.40147869300969e-18,7.43320827364032e-15,6.48461500173616e-15,"CDCA5/HIST1H2BB/HIST1H1B/HIST1H3A/HIST1H1A/HIST1H2BF/CHAF1A/NCAPH/ASF1B/HIST1H2BM/MCM2/HMGA2/CENPK/CENPU/HELLS/NCAPG2/HIST1H3J/NCAPD3/HJURP/HIST1H2BG/HIST1H1D/HIST1H2BH/HIST1H3F/HIST1H3G/HIST1H4A/CDK1/CENPO/HIST1H3B/HIST1H2BO/CENPN/HIST1H2BL/HIST1H4D/CHAF1B/NCAPG/HIST1H3E/CCNB1/HIST1H4B/HIST1H4F/CENPA/CENPQ/OIP5/HIST2H4B/HIST2H4A/CENPL/KNL1/CENPI/HIST1H2BI/CENPH",48
"GO:0000280","nuclear division","70/967","411/17653",1.35212870701578e-17,1.06337410980641e-14,9.27670993608723e-15,"TGFA/CCNE2/CDCA5/MAD2L1/HASPIN/XRCC2/RAD51/HECW2/MASTL/NCAPH/TRIP13/PKMYT1/CDC6/BRIP1/KIF18B/FIGNL1/NCAPD3/RANBP1/AURKB/ZWINT/MYBL2/KIFC1/BRCA2/DSN1/MKI67/FANCA/CDCA8/UBE2C/DSCC1/RRS1/FBXO5/TGFB1/MSH2/MYBL1/UBE2S/SGO1/KIF2C/TTK/FANCD2/PRC1/KNSTRN/NCAPG/KNTC1/LIF/SPDL1/KIF23/CHMP4C/ESPL1/CCNB1/PLK1/PSMC3IP/NUF2/EME1/KIF20B/BUB1/BIRC5/PDGFRB/TACC3/AURKA/MTBP/KIF11/ANLN/SPAG5/CKS2/KIF14/RACGAP1/SGO2/TPX2/CENPE/CDC25C",70
"GO:0006334","nucleosome assembly","39/967","146/17653",5.07561340017808e-17,3.43551868318612e-14,2.99709293371154e-14,"HIST1H2BB/HIST1H1B/HIST1H3A/HIST1H1A/HIST1H2BF/CHAF1A/ASF1B/HIST1H2BM/MCM2/CENPK/CENPU/HIST1H3J/HJURP/HIST1H2BG/HIST1H1D/HIST1H2BH/HIST1H3F/HIST1H3G/HIST1H4A/CENPO/HIST1H3B/HIST1H2BO/CENPN/HIST1H2BL/HIST1H4D/CHAF1B/HIST1H3E/HIST1H4B/HIST1H4F/CENPA/CENPQ/OIP5/HIST2H4B/HIST2H4A/CENPL/KNL1/CENPI/HIST1H2BI/CENPH",39
"GO:0140014","mitotic nuclear division","54/967","269/17653",5.33917851300471e-17,3.43551868318612e-14,2.99709293371154e-14,"TGFA/CDCA5/MAD2L1/HASPIN/HECW2/NCAPH/TRIP13/PKMYT1/CDC6/KIF18B/NCAPD3/RANBP1/AURKB/ZWINT/MYBL2/KIFC1/DSN1/MKI67/CDCA8/UBE2C/DSCC1/RRS1/FBXO5/TGFB1/UBE2S/SGO1/KIF2C/TTK/PRC1/KNSTRN/NCAPG/KNTC1/SPDL1/KIF23/CHMP4C/ESPL1/CCNB1/PLK1/NUF2/KIF20B/BUB1/BIRC5/PDGFRB/TACC3/AURKA/MTBP/KIF11/ANLN/SPAG5/KIF14/RACGAP1/TPX2/CENPE/CDC25C",54
"GO:0031497","chromatin assembly","41/967","164/17653",1.04522232473969e-16,6.16506967875626e-14,5.37831066396755e-14,"HIST1H2BB/HIST1H1B/HIST1H3A/HIST1H1A/HIST1H2BF/CHAF1A/ASF1B/HIST1H2BM/MCM2/HMGA2/CENPK/CENPU/HELLS/HIST1H3J/HJURP/HIST1H2BG/HIST1H1D/HIST1H2BH/HIST1H3F/HIST1H3G/HIST1H4A/CENPO/HIST1H3B/HIST1H2BO/CENPN/HIST1H2BL/HIST1H4D/CHAF1B/HIST1H3E/HIST1H4B/HIST1H4F/CENPA/CENPQ/OIP5/HIST2H4B/HIST2H4A/CENPL/KNL1/CENPI/HIST1H2BI/CENPH",41
"GO:0007062","sister chromatid cohesion","36/967","134/17653",6.69190204366782e-16,3.64348328192929e-13,3.17851800713809e-13,"CDCA5/MAD2L1/HASPIN/CENPK/CENPU/AURKB/ZWINT/ERCC6L/DSN1/MCMBP/CDCA8/DSCC1/CENPO/SPC24/SGO1/KIF2C/CENPN/KNTC1/SPDL1/SKA1/ESPL1/FEN1/PLK1/NUF2/BUB1/BIRC5/CENPA/CENPQ/SPC25/CENPL/KNL1/ZWILCH/SGO2/CENPI/CENPH/CENPE",36
"GO:0006270","DNA replication initiation","21/967","43/17653",8.73010773562541e-16,4.41369303948262e-13,3.85043699076531e-13,"CCNE2/MCM10/CDC45/ORC1/POLE2/MCM7/GINS2/MCM5/MCM6/ORC6/MCM3/MCM4/MCM2/TICRR/PRIM1/CDC6/CDK2/MCM8/POLA2/POLE/GINS4",21
"GO:0006333","chromatin assembly or disassembly","43/967","190/17653",9.36701276434243e-16,4.41998108973438e-13,3.8559225877637e-13,"HIST1H2BB/HIST1H1B/HIST1H3A/HIST1H1A/HIST1H2BF/CHAF1A/ASF1B/HIST1H2BM/MCM2/HMGA2/CENPK/CENPU/HELLS/HIST1H3J/HJURP/HIST1H2BG/HIST1H1D/HIST1H2BH/HIST1H3F/HIST1H3G/HIST1H4A/CENPO/HIST1H3B/HIST1H2BO/CENPN/HIST1H2BL/HIST1H4D/CHAF1B/HIST1H3E/SUV39H2/HIST1H4B/HIST1H4F/CENPA/CENPQ/OIP5/HIST2H4B/HIST2H4A/CENPL/KNL1/CENPI/HIST1H2BI/CENPH/HIST3H2A",43
"GO:0044843","cell cycle G1/S phase transition","54/967","295/17653",3.38961146812027e-15,1.49947937320971e-12,1.30812242578905e-12,"CCND1/CCNE2/MCM10/CDC25A/RRM2/MIR221/CDC45/E2F7/ORC1/POLE2/MCM7/MCM5/MCM6/ORC6/CTDSPL/MCM3/MCM4/ATP2B4/E2F8/MCM2/PCNA/SLFN11/PRIM1/CDC6/RFWD3/CCNA2/TYMS/EGFR/GPNMB/FAM83D/CDK2/RANBP1/MCM8/POLA2/MYC/POLE/CDK1/MUC1/E2F1/FBXO5/SOX4/RHOU/RBL1/MIR222/INHBA/CCNB1/AURKA/MTBP/WEE1/KLF4/CDK6/KIF14/RPA2/CDC25C",54
"GO:0034728","nucleosome organization","40/967","176/17653",8.17083700303249e-15,3.40195201808611e-12,2.96780989843892e-12,"HIST1H2BB/HIST1H1B/HIST1H3A/HIST1H1A/HIST1H2BF/CHAF1A/ASF1B/HIST1H2BM/MCM2/CENPK/CENPU/HIST1H3J/HJURP/HIST1H2BG/HIST1H1D/HIST1H2BH/HIST1H3F/HIST1H3G/HIST1H4A/CENPO/HIST1H3B/HIST1H2BO/CENPN/HIST1H2BL/HIST1H4D/CHAF1B/HIST1H3E/HIST1H4B/HIST1H4F/CENPA/CENPQ/OIP5/HIST2H4B/HIST2H4A/CENPL/KNL1/CENPI/HIST1H2BI/CENPH/HIST3H2A",40
"GO:0000082","G1/S transition of mitotic cell cycle","51/967","276/17653",1.36148739129173e-14,5.35367097531272e-12,4.67045908615048e-12,"CCND1/CCNE2/MCM10/CDC25A/RRM2/MIR221/CDC45/E2F7/ORC1/POLE2/MCM7/MCM5/MCM6/ORC6/CTDSPL/MCM3/MCM4/E2F8/MCM2/PCNA/SLFN11/PRIM1/CDC6/RFWD3/TYMS/EGFR/GPNMB/CDK2/RANBP1/MCM8/POLA2/MYC/POLE/CDK1/MUC1/E2F1/FBXO5/SOX4/RHOU/RBL1/MIR222/INHBA/CCNB1/AURKA/MTBP/WEE1/KLF4/CDK6/KIF14/RPA2/CDC25C",51
"GO:0000070","mitotic sister chromatid segregation","36/967","152/17653",4.72606845012634e-14,1.76058486789443e-11,1.53590678827929e-11,"CDCA5/MAD2L1/HASPIN/HECW2/NCAPH/TRIP13/CDC6/KIF18B/NCAPD3/AURKB/ZWINT/KIFC1/DSN1/CDCA8/UBE2C/DSCC1/RRS1/SGO1/KIF2C/TTK/PRC1/KNSTRN/NCAPG/SPDL1/KIF23/CHMP4C/ESPL1/CCNB1/PLK1/NUF2/BUB1/TACC3/SPAG5/KIF14/RACGAP1/CENPE",36
"GO:0065004","protein-DNA complex assembly","47/967","252/17653",1.05119943902927e-13,3.72019481472458e-11,3.24543995228721e-11,"HIST1H2BB/CDC45/HIST1H1B/XRCC2/HIST1H3A/HIST1H1A/RAD51/HIST1H2BF/CHAF1A/ASF1B/HIST1H2BM/MCM2/CENPK/CENPU/HELLS/HIST1H3J/HJURP/HIST1H2BG/GMNN/TCF4/HIST1H1D/HIST1H2BH/HIST1H3F/HIST1H3G/HIST1H4A/CENPO/HIST1H3B/HIST1H2BO/CENPN/HIST1H2BL/HIST1H4D/CHAF1B/HIST1H3E/HIST1H4B/HIST1H4F/CENPA/CENPQ/OIP5/HIST2H4B/HIST2H4A/CENPL/KNL1/RPA2/CENPI/HIST1H2BI/CENPH/CENPE",47
"GO:0000075","cell cycle checkpoint","44/967","225/17653",1.14976656876016e-13,3.87526084461163e-11,3.38071713902111e-11,"DTL/CCND1/CLSPN/CDC45/E2F7/MAD2L1/WDR76/BLM/E2F8/PCNA/HMGA2/TRIP13/FANCI/TICRR/CDC6/BRIP1/RFWD3/CDK2/AURKB/ZWINT/BRCA1/DCLRE1B/CDK1/DNA2/MUC1/E2F1/SOX11/SOX4/TGFB1/MSH2/TIPIN/TTK/ABRAXAS1/KNTC1/SPDL1/CHMP4C/CCNB1/PLK1/EME1/BUB1/AURKA/RPA2/ZWILCH/CDC25C",44
"GO:0044786","cell cycle DNA replication","22/967","60/17653",2.71494106670384e-13,8.73470585005899e-11,7.62002119487308e-11,"CDC45/E2F7/POLE2/GINS1/GINS2/RAD51/E2F8/PCNA/PRIM1/POLD3/RFC3/GMNN/POLA2/RFC2/BRCA2/POLE/RFC4/DNA2/TIPIN/POLD4/FEN1/RPA2",22
"GO:0031055","chromatin remodeling at centromere","19/967","45/17653",5.70543750494197e-13,1.73442050594138e-10,1.51308140685774e-10,"CENPK/CENPU/HELLS/HJURP/HIST1H4A/CENPO/CENPN/HIST1H4D/HIST1H4B/HIST1H4F/CENPA/CENPQ/OIP5/HIST2H4B/HIST2H4A/CENPL/KNL1/CENPI/CENPH",19
"GO:0071824","protein-DNA complex subunit organization","49/967","283/17653",5.88105285993122e-13,1.73442050594138e-10,1.51308140685774e-10,"HIST1H2BB/CDC45/HIST1H1B/XRCC2/HIST1H3A/HIST1H1A/RAD51/HIST1H2BF/CHAF1A/ASF1B/HIST1H2BM/MCM2/CENPK/CENPU/HELLS/HIST1H3J/HJURP/HIST1H2BG/GMNN/TCF4/HIST1H1D/HIST1H2BH/MYC/HIST1H3F/HIST1H3G/HIST1H4A/CENPO/HIST1H3B/HIST1H2BO/CENPN/HIST1H2BL/HIST1H4D/CHAF1B/HIST1H3E/HIST1H4B/HIST1H4F/CENPA/CENPQ/OIP5/HIST2H4B/HIST2H4A/CENPL/KNL1/RPA2/CENPI/HIST1H2BI/CENPH/CENPE/HIST3H2A",49
"GO:0033260","nuclear DNA replication","20/967","51/17653",7.48815724005775e-13,2.12004707780515e-10,1.84949601558647e-10,"CDC45/POLE2/GINS1/GINS2/RAD51/PCNA/PRIM1/POLD3/RFC3/GMNN/POLA2/RFC2/BRCA2/POLE/RFC4/DNA2/TIPIN/POLD4/FEN1/RPA2",20
"GO:0034508","centromere complex assembly","20/967","53/17653",1.75995461102846e-12,4.79113797571516e-10,4.17971406813479e-10,"CENPK/CENPU/HELLS/HJURP/HIST1H4A/CENPO/CENPN/HIST1H4D/HIST1H4B/HIST1H4F/CENPA/CENPQ/OIP5/HIST2H4B/HIST2H4A/CENPL/KNL1/CENPI/CENPH/CENPE",20
"GO:0034080","CENP-A containing nucleosome assembly","18/967","43/17653",2.79458431438649e-12,7.06430992043842e-10,6.16279383014705e-10,"CENPK/CENPU/HJURP/HIST1H4A/CENPO/CENPN/HIST1H4D/HIST1H4B/HIST1H4F/CENPA/CENPQ/OIP5/HIST2H4B/HIST2H4A/CENPL/KNL1/CENPI/CENPH",18
"GO:0061641","CENP-A containing chromatin organization","18/967","43/17653",2.79458431438649e-12,7.06430992043842e-10,6.16279383014705e-10,"CENPK/CENPU/HJURP/HIST1H4A/CENPO/CENPN/HIST1H4D/HIST1H4B/HIST1H4F/CENPA/CENPQ/OIP5/HIST2H4B/HIST2H4A/CENPL/KNL1/CENPI/CENPH",18
"GO:0032200","telomere organization","35/967","172/17653",1.16791133583548e-11,2.85050911553224e-09,2.48673970817093e-09,"CCNE2/EXO1/POLE2/HIST1H3A/RAD51/BLM/DKC1/PCNA/PRIM1/POLD3/HIST1H3J/RFC3/POLA2/AURKB/RFC2/DCLRE1B/BRCA2/MYC/HIST1H3F/HIST1H3G/POLE/HIST1H4A/RFC4/DNA2/HIST1H3B/HIST1H4D/POLD4/HIST1H3E/FEN1/HIST1H4B/HIST1H4F/GNL3/HIST2H4B/HIST2H4A/RPA2",35
"GO:0006336","DNA replication-independent nucleosome assembly","19/967","53/17653",1.83326446276545e-11,4.32528195581795e-09,3.77330853985338e-09,"ASF1B/CENPK/CENPU/HJURP/HIST1H4A/CENPO/CENPN/HIST1H4D/HIST1H4B/HIST1H4F/CENPA/CENPQ/OIP5/HIST2H4B/HIST2H4A/CENPL/KNL1/CENPI/CENPH",19
"GO:0007093","mitotic cell cycle checkpoint","34/967","166/17653",1.90085365700866e-11,4.34007812397008e-09,3.78621648625221e-09,"CCND1/CLSPN/E2F7/MAD2L1/BLM/E2F8/PCNA/HMGA2/TRIP13/FANCI/TICRR/RFWD3/CDK2/AURKB/ZWINT/BRCA1/CDK1/MUC1/E2F1/SOX4/TGFB1/MSH2/TIPIN/TTK/KNTC1/CHMP4C/CCNB1/PLK1/EME1/BUB1/AURKA/RPA2/ZWILCH/CDC25C",34
"GO:1901987","regulation of cell cycle phase transition","62/967","454/17653",2.51896313594578e-11,5.27816835131694e-09,4.60459177418914e-09,"DTL/CCND1/CDC25A/CLSPN/CDCA5/MIR221/CDC45/TUBA1A/PBX1/E2F7/MAD2L1/ATAD5/HECW2/PLK4/CTDSPL/BLM/ATP2B4/E2F8/PCNA/HMGA2/TRIP13/SLFN11/FANCI/TICRR/CDC6/RFWD3/EGFR/GPNMB/FAM83D/CDK2/ZFP36L2/AURKB/BRCA1/CDK1/MUC1/UBE2C/E2F1/SOX4/TGFB1/RBL1/MIR222/HAUS8/TTK/ABRAXAS1/KNTC1/CHMP4C/ESPL1/CCNB1/PLK1/BUB1/AURKA/MTBP/KLF4/ANLN/CEP152/CDK6/KIF14/RPA2/TPX2/CENPE/CDC25C/HMMR",62
"GO:0006335","DNA replication-dependent nucleosome assembly","15/967","32/17653",2.53542983815733e-11,5.27816835131694e-09,4.60459177418914e-09,"HIST1H3A/CHAF1A/ASF1B/HIST1H3J/HIST1H3F/HIST1H3G/HIST1H4A/HIST1H3B/HIST1H4D/CHAF1B/HIST1H3E/HIST1H4B/HIST1H4F/HIST2H4B/HIST2H4A",15
"GO:0034723","DNA replication-dependent nucleosome organization","15/967","32/17653",2.53542983815733e-11,5.27816835131694e-09,4.60459177418914e-09,"HIST1H3A/CHAF1A/ASF1B/HIST1H3J/HIST1H3F/HIST1H3G/HIST1H4A/HIST1H3B/HIST1H4D/CHAF1B/HIST1H3E/HIST1H4B/HIST1H4F/HIST2H4B/HIST2H4A",15
"GO:0034724","DNA replication-independent nucleosome organization","19/967","54/17653",2.68446580188565e-11,5.42875684164190e-09,4.73596282522142e-09,"ASF1B/CENPK/CENPU/HJURP/HIST1H4A/CENPO/CENPN/HIST1H4D/HIST1H4B/HIST1H4F/CENPA/CENPQ/OIP5/HIST2H4B/HIST2H4A/CENPL/KNL1/CENPI/CENPH",19
"GO:1901990","regulation of mitotic cell cycle phase transition","58/967","419/17653",6.54219093909992e-11,1.28626742963748e-08,1.12211965054854e-08,"DTL/CCND1/CLSPN/CDCA5/MIR221/CDC45/TUBA1A/PBX1/E2F7/MAD2L1/ATAD5/HECW2/PLK4/CTDSPL/BLM/E2F8/PCNA/HMGA2/TRIP13/SLFN11/FANCI/TICRR/CDC6/RFWD3/EGFR/GPNMB/CDK2/ZFP36L2/AURKB/BRCA1/CDK1/MUC1/UBE2C/E2F1/SOX4/TGFB1/RBL1/MIR222/HAUS8/TTK/KNTC1/CHMP4C/ESPL1/CCNB1/PLK1/BUB1/AURKA/MTBP/KLF4/ANLN/CEP152/CDK6/KIF14/RPA2/TPX2/CENPE/CDC25C/HMMR",58
"GO:0060249","anatomical structure homeostasis","55/967","393/17653",1.3553425641873e-10,2.59273369441019e-08,2.26186044993533e-08,"ITGB3/UBASH3B/CCNE2/TLR4/AZGP1/EXO1/POLE2/CUBN/P2RX7/RAD51/BLM/DKC1/PCNA/CXADR/PRIM1/POLD3/PCDH15/EGFR/RPE65/PRKN/RFC3/POLA2/AURKB/RFC2/CTSK/DCLRE1B/TP53INP2/BRCA2/WHRN/MYC/POLE/HIST1H4A/RFC4/TNFAIP3/DNA2/FGGY/PBLD/CALB2/SPP1/ABCA12/INPP5D/HIST1H4D/POLD4/MC4R/FEN1/HIST1H4B/HIST1H4F/GNL3/P2RX4/SPATA7/HIST2H4B/HIST2H4A/RPA2/CALB1/RBP4",55
"GO:0000731","DNA synthesis involved in DNA repair","21/967","75/17653",3.26020100122403e-10,6.07255333859571e-08,5.29760085129644e-08,"DTL/EXO1/POLE2/XRCC2/RAD51/RAD51AP1/BLM/PCNA/BRIP1/POLD3/UBA7/RFC3/RFC2/BRCA1/BRCA2/POLE/RFC4/DNA2/POLD4/RMI1/RPA2",21
"GO:0032201","telomere maintenance via semi-conservative replication","13/967","27/17653",3.61523083595561e-10,6.56118047612661e-08,5.72387154756156e-08,"POLE2/PCNA/PRIM1/POLD3/RFC3/POLA2/RFC2/POLE/RFC4/DNA2/POLD4/FEN1/RPA2",13
"GO:0043486","histone exchange","18/967","57/17653",6.86965713274751e-10,1.21558582963967e-07,1.06045812475518e-07,"CENPK/CENPU/HJURP/HIST1H4A/CENPO/CENPN/HIST1H4D/HIST1H4B/HIST1H4F/CENPA/CENPQ/OIP5/HIST2H4B/HIST2H4A/CENPL/KNL1/CENPI/CENPH",18
"GO:0090068","positive regulation of cell cycle process","42/967","277/17653",1.89122916823353e-09,3.26490732994071e-07,2.84825424925748e-07,"DTL/CCND1/TGFA/CDC25A/CDCA5/MIR221/CDC45/PBX1/E2F7/MAD2L1/PLK4/E2F8/PCNA/HMGA2/CDC6/FAM83D/CDK2/RANBP1/AURKB/BRCA1/CDK1/MUC1/UBE2C/E2F1/MYBBP1A/SOX4/TGFB1/MIR222/ECT2/KIF23/ESPL1/CCNB1/FEN1/KIF20B/PDGFRB/AURKA/MTBP/FAP/SPAG5/KIF14/RACGAP1/CDC25C",42
"GO:0031570","DNA integrity checkpoint","31/967","169/17653",2.55974363665686e-09,4.31377749053744e-07,3.76327222371658e-07,"DTL/CCND1/CLSPN/CDC45/E2F7/WDR76/BLM/E2F8/PCNA/HMGA2/FANCI/TICRR/CDC6/BRIP1/RFWD3/CDK2/BRCA1/CDK1/DNA2/MUC1/E2F1/SOX4/MSH2/TIPIN/ABRAXAS1/CCNB1/PLK1/EME1/AURKA/RPA2/CDC25C",31
"GO:0071897","DNA biosynthetic process","35/967","209/17653",3.04831474906322e-09,5.0176678590394e-07,4.37733520636593e-07,"DTL/EXO1/POLE2/XRCC2/RAD51/POLQ/RAD51AP1/BLM/DKC1/PCNA/BRIP1/POLD3/TYMS/ANKRD1/UBA7/RFC3/POLA2/AURKB/RFC2/BRCA1/BRCA2/MYC/POLE/RFC4/DNA2/DSCC1/MYBBP1A/FAM129B/PPARG/POLD4/PDGFRB/RMI1/LIN9/KLF4/RPA2",35
"GO:0072331","signal transduction by p53 class mediator","41/967","272/17653",3.51777026339177e-09,5.65881316461067e-07,4.93666037441534e-07,"NUPR1/SNAI2/EXO1/E2F7/TP53INP1/PMAIP1/SPRED2/BLM/E2F8/KRCC1/PCNA/BRIP1/ANKRD1/CDK2/PRKN/RFC3/BOP1/AURKB/RFC2/BRCA1/BRCA2/CDK1/RFC4/DNA2/MUC1/E2F1/RRS1/E2F2/MYBBP1A/SOX4/MSH2/PDK2/AEN/ING4/CCNB1/RMI1/AURKA/TAF5/RPA2/TPX2/CDC25C",41
"GO:0045787","positive regulation of cell cycle","50/967","377/17653",5.98346896100891e-09,9.41133184578246e-07,8.21029916380778e-07,"DTL/CCND1/TGFA/CDC25A/CDCA5/MIR221/CDC45/PBX1/E2F7/MAD2L1/EVI2B/PLK4/E2F8/PCNA/HMGA2/USP2/CDC6/EGFR/FAM83D/CDK2/RANBP1/AURKB/BRCA1/FOSL1/BRCA2/CDK1/MUC1/UBE2C/E2F1/MYBBP1A/SOX4/TGFB1/MIR222/ECT2/KIF23/ESPL1/CCNB1/FEN1/KIF20B/PDGFRB/FGFR2/AURKA/MTBP/TGFB2/FAP/SPAG5/CKS2/KIF14/RACGAP1/CDC25C",50
"GO:0051302","regulation of cell division","29/967","157/17653",7.06131456468352e-09,1.08652140193109e-06,9.47864330353169e-07,"TXNIP/TGFA/E2F7/EVI2B/FGF1/ORC6/BLM/E2F8/CDC6/KIF18B/AURKB/BRCA2/MYO19/MYC/TGFB1/MDK/KIF13A/ECT2/PRC1/KIF23/CHMP4C/PLK1/KIF20B/FGFR2/AURKA/PTN/TGFB2/KIF14/RACGAP1",29
"GO:0000723","telomere maintenance","29/967","159/17653",9.5205841501915e-09,1.4337594598948e-06,1.25078939809683e-06,"CCNE2/EXO1/POLE2/RAD51/BLM/DKC1/PCNA/PRIM1/POLD3/RFC3/POLA2/AURKB/RFC2/DCLRE1B/BRCA2/MYC/POLE/HIST1H4A/RFC4/DNA2/HIST1H4D/POLD4/FEN1/HIST1H4B/HIST1H4F/GNL3/HIST2H4B/HIST2H4A/RPA2",29
"GO:0006342","chromatin silencing","25/967","123/17653",1.03571322663268e-08,1.52724546210544e-06,1.33234512882177e-06,"CDC45/ATAD2/HIST1H2AB/UHRF1/HIST1H3A/HELLS/HIST1H3J/HIST1H2AL/HIST1H2AE/HIST1H2AI/HIST1H3F/HIST1H3G/HIST1H4A/HIST1H3B/HIST1H4D/HDAC5/HIST1H3E/HIST1H2AK/HIST1H4B/HIST1H4F/SUV39H1/HIST2H4B/HIST2H4A/HIST1H2AH/HIST3H2A",25
"GO:0006302","double-strand break repair","35/967","220/17653",1.20483175767786e-08,1.74036717976406e-06,1.51826919238203e-06,"CDCA5/MIR221/CDC45/XRCC2/GINS2/RAD51/POLQ/RAD51AP1/BLM/RAD54L/HMGA2/TRIP13/BRIP1/RFWD3/FIGNL1/MCM8/AUNIP/ESCO2/BRCA1/DCLRE1B/BRCA2/HIST1H4A/MMS22L/DNA2/MSH2/HIST1H4D/ABRAXAS1/GINS4/FEN1/HIST1H4B/HIST1H4F/EME1/HIST2H4B/HIST2H4A/RPA2",35
"GO:0045930","negative regulation of mitotic cell cycle","44/967","319/17653",1.5130584999393e-08,2.14188561251407e-06,1.86854761276714e-06,"CCND1/CLSPN/E2F7/MAD2L1/CTDSPL/BLM/E2F8/PCNA/HMGA2/TRIP13/SLFN11/FANCI/TICRR/RFWD3/EGFR/GPNMB/CDK2/ZFP36L2/AURKB/ZWINT/BRCA1/MAGI2/CDK1/MUC1/E2F1/SOX4/TGFB1/MSH2/RBL1/TIPIN/TTK/KNTC1/CHMP4C/CCNB1/PLK1/EME1/BUB1/AURKA/MTBP/KLF4/FAP/RPA2/ZWILCH/CDC25C",44
"GO:0051983","regulation of chromosome segregation","22/967","100/17653",1.72677723362092e-08,2.3964959332488e-06,2.09066568677406e-06,"CDCA5/MAD2L1/HECW2/TRIP13/CDC6/RAD18/AURKB/MKI67/UBE2C/KIF2C/TTK/ECT2/KNSTRN/ESPL1/CCNB1/FEN1/PLK1/BUB1/TACC3/SPAG5/RACGAP1/CENPE",22
"GO:0045814","negative regulation of gene expression, epigenetic","26/967","138/17653",2.76108521980329e-08,3.75826176649379e-06,3.27864896748302e-06,"CDC45/ATAD2/HIST1H2AB/UHRF1/HIST1H3A/HELLS/HIST1H3J/HIST1H2AL/HIST1H2AE/HIST1H2AI/HIST1H3F/HIST1H3G/HIST1H4A/HIST1H3B/HIST1H4D/HDAC5/PHF19/HIST1H3E/HIST1H2AK/HIST1H4B/HIST1H4F/SUV39H1/HIST2H4B/HIST2H4A/HIST1H2AH/HIST3H2A",26
"GO:1902850","microtubule cytoskeleton organization involved in mitosis","25/967","132/17653",4.56903352033371e-08,6.10181495413623e-06,5.32312822845632e-06,"SPRY2/GNAI1/STIL/AURKB/MYBL2/KIFC1/WDR62/TTK/PRC1/SPDL1/KIF23/CHMP4C/ESPL1/CCNB1/PLK1/NUF2/BIRC5/CENPA/TACC3/AURKA/KIF11/SPC25/RACGAP1/TPX2/CENPE",25
"GO:0007088","regulation of mitotic nuclear division","28/967","161/17653",4.97580881403263e-08,6.52199533068944e-06,5.68968703764433e-06,"TGFA/CDCA5/MAD2L1/HECW2/TRIP13/PKMYT1/CDC6/RANBP1/MKI67/UBE2C/FBXO5/TGFB1/TTK/KNTC1/CHMP4C/ESPL1/CCNB1/PLK1/KIF20B/BUB1/PDGFRB/TACC3/AURKA/MTBP/KIF11/ANLN/CENPE/CDC25C",28
"GO:0042769","DNA damage response, detection of DNA damage","13/967","38/17653",5.5516879880839e-08,7.14451774175598e-06,6.23276588288999e-06,"DTL/PCNA/HMGA2/POLD3/RAD18/RFC3/RFC2/USP1/RFC4/SOX4/POLD4/NEK1/RPA2",13
"GO:0051783","regulation of nuclear division","30/967","184/17653",7.528295241284e-08,9.5152274496086e-06,8.30093606867894e-06,"TGFA/CDCA5/MAD2L1/HECW2/TRIP13/PKMYT1/CDC6/RANBP1/MKI67/UBE2C/FBXO5/TGFB1/MSH2/TTK/KNTC1/LIF/CHMP4C/ESPL1/CCNB1/PLK1/KIF20B/BUB1/PDGFRB/TACC3/AURKA/MTBP/KIF11/ANLN/CENPE/CDC25C",30
"GO:0000183","chromatin silencing at rDNA","13/967","39/17653",7.91184844836447e-08,9.82457251184626e-06,8.57080387776657e-06,"HIST1H3A/HIST1H3J/HIST1H3F/HIST1H3G/HIST1H4A/HIST1H3B/HIST1H4D/HIST1H3E/HIST1H4B/HIST1H4F/SUV39H1/HIST2H4B/HIST2H4A",13
"GO:0008608","attachment of spindle microtubules to kinetochore","12/967","33/17653",8.29764726068493e-08,1.01259909157117e-05,8.83375659368019e-06,"AURKB/DSN1/SGO1/KIF2C/ECT2/KNSTRN/CCNB1/NUF2/SPAG5/RACGAP1/KNL1/CENPE",12
"GO:0010948","negative regulation of cell cycle process","45/967","350/17653",8.75808216145066e-08,1.05067297523301e-05,9.16590721838886e-06,"DTL/CCND1/CLSPN/RRM2/E2F7/KAT2B/MAD2L1/EVI2B/RAD51/CTDSPL/BLM/E2F8/PCNA/HMGA2/TRIP13/SLFN11/FANCI/TICRR/RFWD3/GPNMB/CDK2/ZFP36L2/AURKB/BRCA1/CDK1/MUC1/E2F1/FBXO5/SOX4/MSH2/RBL1/TTK/ABRAXAS1/LIF/CHMP4C/ESPL1/CCNB1/PLK1/BUB1/AURKA/MTBP/KLF4/RPA2/CCNF/CDC25C",45
"GO:0000077","DNA damage checkpoint","27/967","159/17653",1.4284658034468e-07,1.68511349279941e-05,1.47006673737175e-05,"DTL/CCND1/CLSPN/E2F7/WDR76/BLM/E2F8/PCNA/HMGA2/FANCI/BRIP1/RFWD3/CDK2/BRCA1/CDK1/MUC1/E2F1/SOX4/MSH2/TIPIN/ABRAXAS1/CCNB1/PLK1/EME1/AURKA/RPA2/CDC25C",27
"GO:0006275","regulation of DNA replication","23/967","121/17653",1.46247927194412e-07,1.69695545685582e-05,1.48039748217847e-05,"JUN/AREG/E2F7/BLM/E2F8/PCNA/TICRR/CDC6/EGFR/CDK2/RFC3/GMNN/RFC2/ESCO2/BMP5/BRCA2/CDK1/RFC4/DNA2/DSCC1/TGFB1/ID3/TIPIN",23
"GO:0044774","mitotic DNA integrity checkpoint","22/967","113/17653",1.75173084446405e-07,1.99979853501879e-05,1.74459306173618e-05,"CCND1/CLSPN/E2F7/BLM/E2F8/PCNA/HMGA2/FANCI/TICRR/RFWD3/CDK2/CDK1/MUC1/E2F1/SOX4/MSH2/TIPIN/CCNB1/EME1/AURKA/RPA2/CDC25C",22
"GO:0043044","ATP-dependent chromatin remodeling","18/967","79/17653",1.94050884103561e-07,2.18014628203969e-05,1.90192562431326e-05,"CENPK/CENPU/HJURP/HIST1H4A/CENPO/CENPN/HIST1H4D/HIST1H4B/HIST1H4F/CENPA/CENPQ/OIP5/HIST2H4B/HIST2H4A/CENPL/KNL1/CENPI/CENPH",18
"GO:0051052","regulation of DNA metabolic process","48/967","399/17653",2.52012631860736e-07,2.78710220048483e-05,2.43142450410375e-05,"JUN/MIR221/AREG/E2F7/NPAS2/UHRF1/ATAD5/RAD51/POLQ/RAD51AP1/BLM/E2F8/DKC1/PCNA/HMGA2/TICRR/CDC6/FIGNL1/ANKRD1/EGFR/CDK2/RFC3/GMNN/AUNIP/AURKB/RFC2/ESCO2/BRCA1/BMP5/BRCA2/MYC/USP1/CDK1/RFC4/DNA2/DSCC1/FAM129B/TGFB1/MSH2/ID3/PPARG/TIPIN/PPARGC1A/ABRAXAS1/GNL3/PDGFRB/KLF4/RPA2",48
"GO:0044773","mitotic DNA damage checkpoint","21/967","107/17653",2.88262821230605e-07,3.13896038256957e-05,2.73838009609511e-05,"CCND1/CLSPN/E2F7/BLM/E2F8/PCNA/HMGA2/FANCI/RFWD3/CDK2/CDK1/MUC1/E2F1/SOX4/MSH2/TIPIN/CCNB1/EME1/AURKA/RPA2/CDC25C",21
"GO:0007050","cell cycle arrest","35/967","250/17653",3.11286528557937e-07,3.33831219565618e-05,2.91229150960265e-05,"CCND1/SOX2/E2F7/KAT2B/DDIAS/EVI2B/TP53INP1/E2F8/PCNA/HMGA2/HBP1/CDK2/BRCA1/MYC/MAGI2/CDK1/MUC1/E2F1/MYBBP1A/SOX4/TGFB1/MSH2/INHBA/ING4/CCNB1/KIF20B/RPRM/AURKA/MTBP/CXCL8/TGFB2/CDK6/FAP/GAS2/CDC25C",35
"GO:0006271","DNA strand elongation involved in DNA replication","9/967","20/17653",4.1552113785987e-07,4.38229322819927e-05,3.82304428497746e-05,"GINS1/GINS2/PCNA/RFC3/POLE/RFC4/DNA2/GINS4/FEN1",9
"GO:0098742","cell-cell adhesion via plasma-membrane adhesion molecules","34/967","242/17653",4.21017151056161e-07,4.38229322819927e-05,3.82304428497746e-05,"PCDH10/AMIGO2/MIR221/TENM3/PCDH20/ROBO2/ALCAM/PCDHB18P/PCDHB15/CXADR/CDH10/FAT4/PCDH15/PCDH7/PLXNB3/CLDN1/CELSR2/ROBO1/PCDHB10/CDH12/PCDHB8/FGFRL1/PCDHB14/ADGRL3/PCDHB3/CDH7/DSC2/PCDH18/CD200/KLF4/TGFB2/CDH9/PCDHB13/PCDHB4",34
"GO:0007156","homophilic cell adhesion via plasma membrane adhesion molecules","26/967","158/17653",4.57031584219707e-07,4.68821674363345e-05,4.08992718998139e-05,"PCDH10/AMIGO2/TENM3/PCDH20/ROBO2/PCDHB18P/PCDHB15/CDH10/FAT4/PCDH15/PCDH7/PLXNB3/CELSR2/ROBO1/PCDHB10/CDH12/PCDHB8/PCDHB14/PCDHB3/CDH7/DSC2/PCDH18/CD200/CDH9/PCDHB13/PCDHB4",26
"GO:0000732","strand displacement","10/967","26/17653",5.51861042216156e-07,5.51548346415462e-05,4.81162177848798e-05,"EXO1/XRCC2/RAD51/RAD51AP1/BLM/BRIP1/BRCA1/BRCA2/DNA2/RMI1",10
"GO:1901988","negative regulation of cell cycle phase transition","35/967","256/17653",5.53262681484852e-07,5.51548346415462e-05,4.81162177848798e-05,"DTL/CCND1/CLSPN/E2F7/MAD2L1/CTDSPL/BLM/E2F8/PCNA/HMGA2/TRIP13/SLFN11/FANCI/TICRR/RFWD3/GPNMB/CDK2/ZFP36L2/AURKB/BRCA1/CDK1/MUC1/E2F1/SOX4/RBL1/TTK/ABRAXAS1/CHMP4C/CCNB1/PLK1/BUB1/AURKA/KLF4/RPA2/CDC25C",35
"GO:0072001","renal system development","37/967","280/17653",6.21310174914022e-07,6.10782419172423e-05,5.32837059363399e-05,"SERPINF1/CD24/SFRP1/MEF2C/RARB/PBX1/LGR5/ROBO2/HPGD/FGF1/LGR4/ARID5B/FAT4/SULF1/GDF11/DCN/ACTA2/FBN1/MYC/MAGI2/SERPINB7/SOX11/SOX4/TGFB1/ID3/KLHL3/PLCE1/LIF/EGR1/PDGFRB/FGFR2/ENPEP/TGFB2/CEP55/GCNT1/CALB1/RBP4",37
"GO:1901991","negative regulation of mitotic cell cycle phase transition","33/967","236/17653",6.92714377713058e-07,6.7164826924014e-05,5.85935477961759e-05,"CCND1/CLSPN/E2F7/MAD2L1/CTDSPL/BLM/E2F8/PCNA/HMGA2/TRIP13/SLFN11/FANCI/TICRR/RFWD3/GPNMB/CDK2/ZFP36L2/AURKB/BRCA1/CDK1/MUC1/E2F1/SOX4/RBL1/TTK/CHMP4C/CCNB1/PLK1/BUB1/AURKA/KLF4/RPA2/CDC25C",33
"GO:1902806","regulation of cell cycle G1/S phase transition","29/967","193/17653",7.27846423801909e-07,6.96175268604042e-05,6.07332449789757e-05,"CCND1/MIR221/CDC45/E2F7/CTDSPL/ATP2B4/E2F8/PCNA/SLFN11/CDC6/RFWD3/EGFR/GPNMB/FAM83D/CDK2/CDK1/MUC1/E2F1/SOX4/RBL1/MIR222/CCNB1/AURKA/MTBP/KLF4/CDK6/KIF14/RPA2/CDC25C",29
"GO:0007052","mitotic spindle organization","21/967","113/17653",7.46875794875467e-07,7.04851583483807e-05,6.1490153161256e-05,"GNAI1/STIL/AURKB/MYBL2/KIFC1/WDR62/TTK/PRC1/KIF23/CHMP4C/CCNB1/PLK1/NUF2/BIRC5/TACC3/AURKA/KIF11/SPC25/RACGAP1/TPX2/CENPE",21
"GO:0007051","spindle organization","28/967","183/17653",7.75622562202348e-07,7.22349538851081e-05,6.30166475052489e-05,"GNAI1/STIL/RANBP1/AUNIP/AURKB/MYBL2/KIFC1/WDR62/FBXO5/HAUS8/TTK/PRC1/KNSTRN/KIF23/CHMP4C/ESPL1/CCNB1/PLK1/NUF2/BIRC5/TACC3/AURKA/KIF11/SPAG5/SPC25/RACGAP1/TPX2/CENPE",28
"GO:0034502","protein localization to chromosome","17/967","78/17653",8.28015631612846e-07,7.56388674597826e-05,6.59861686350716e-05,"CDCA5/HIST1H1B/HASPIN/DKC1/AURKB/ESCO2/BRCA2/CDK1/TTK/SPDL1/PLK1/GNL3/CENPA/MTBP/CENPQ/KNL1/RPA2",17
"GO:0022616","DNA strand elongation","10/967","27/17653",8.33545021455643e-07,7.56388674597826e-05,6.59861686350716e-05,"GINS1/GINS2/PCNA/RFC3/DCLRE1B/POLE/RFC4/DNA2/GINS4/FEN1",10
"GO:0140013","meiotic nuclear division","27/967","174/17653",9.17348821547509e-07,8.2189809606497e-05,7.17011084236867e-05,"CCNE2/XRCC2/RAD51/MASTL/NCAPH/TRIP13/BRIP1/FIGNL1/BRCA2/DSN1/FANCA/FBXO5/MSH2/MYBL1/SGO1/TTK/FANCD2/LIF/ESPL1/PLK1/PSMC3IP/NUF2/EME1/BUB1/AURKA/CKS2/SGO2",27
"GO:0045815","positive regulation of gene expression, epigenetic","17/967","79/17653",1.00184467528475e-06,8.8638207645818e-05,7.73265903318464e-05,"ATAD2/KAT2B/HIST1H3A/HIST1H3J/DDX21/HIST1H3F/HIST1H3G/HIST1H4A/SLC50A1/MYBBP1A/HIST1H3B/HIST1H4D/HIST1H3E/HIST1H4B/HIST1H4F/HIST2H4B/HIST2H4A",17
"GO:2000045","regulation of G1/S transition of mitotic cell cycle","27/967","175/17653",1.02924348868486e-06,8.99380915174256e-05,7.84605887540665e-05,"CCND1/MIR221/CDC45/E2F7/CTDSPL/E2F8/PCNA/SLFN11/CDC6/RFWD3/EGFR/GPNMB/CDK2/CDK1/MUC1/E2F1/SOX4/RBL1/MIR222/CCNB1/AURKA/MTBP/KLF4/CDK6/KIF14/RPA2/CDC25C",27
"GO:0045638","negative regulation of myeloid cell differentiation","18/967","88/17653",1.06866831451179e-06,9.2244321098957e-05,8.04725074830061e-05,"UBASH3B/TLR4/SFRP1/LRRC17/FBN1/MYC/HIST1H4A/NFKBIA/TLR3/PIK3R1/INPP5D/HIST1H4D/INHBA/HIST1H4B/HIST1H4F/HIST2H4B/HIST2H4A/CDK6",18
"GO:0031099","regeneration","28/967","186/17653",1.08402497700609e-06,9.24425155090256e-05,8.06454091961666e-05,"CCND1/NOV/JUN/MIR221/SOX2/FOLR1/INPP5F/NREP/NEFL/PCNA/APOD/CCNA2/TYMS/EGFR/CLDN1/CDK1/NFKBIA/HMOX1/TGFB1/SPP1/PPARG/MIR222/CPQ/PRPS2/CCNB1/AURKA/KLF4/DUSP10",28
"GO:0071459","protein localization to chromosome, centromeric region","9/967","22/17653",1.1138963583689e-06,9.38590288635125e-05,8.18811533608014e-05,"HASPIN/AURKB/CDK1/TTK/SPDL1/CENPA/MTBP/CENPQ/KNL1",9
"GO:0051290","protein heterotetramerization","13/967","48/17653",1.1861058814516e-06,9.8767734457817e-05,8.61634315863171e-05,"HIST1H3A/HSD17B8/HIST1H3J/HIST1H3F/HIST1H3G/HIST1H4A/HIST1H3B/HIST1H4D/HIST1H3E/HIST1H4B/HIST1H4F/HIST2H4B/HIST2H4A",13
"GO:0051782","negative regulation of cell division","8/967","17/17653",1.22930333965601e-06,0.000101174523698666,8.82630769941515e-05,"TXNIP/E2F7/ORC6/BLM/E2F8/AURKB/MYC/CHMP4C",8
"GO:0050673","epithelial cell proliferation","47/967","409/17653",1.25693991865761e-06,0.000102260008554696,8.92100370580222e-05,"CCND1/SERPINF1/TGFA/ITGB3/IGFBP5/NOV/JUN/SNAI2/SFRP1/SOX2/AREG/MEF2C/MCC/LGR5/FGF1/ERRFI1/LGR4/SIDT2/EPHA2/EGFR/SULF1/PLXNB3/BMP5/BRCA2/PRKD1/NRP2/VDR/MYC/TNFAIP3/ROBO1/HMOX1/SOX11/PBLD/TGFB1/PPARG/MIR222/NFIB/MMP12/FGFR2/PTN/SAV1/TGFB2/CDK6/DUSP10/FAP/IGFBP4/IGFBP3",47
"GO:0048659","smooth muscle cell proliferation","24/967","146/17653",1.27817778517504e-06,0.000102806163221238,8.96864938736461e-05,"IGFBP5/NOV/JUN/MIR221/MEF2C/TGM2/HPGD/APOD/EGFR/CALCRL/TNFAIP3/HMOX1/IL6R/PPARG/NDRG2/MIR222/PPARGC1A/MYB/PDGFRB/FGFR2/KLF4/PRKG1/IRAK4/IGFBP3",24
"GO:0045637","regulation of myeloid cell differentiation","33/967","244/17653",1.48042008349039e-06,0.000117734981471292,0.00010271016214967,"UBASH3B/TLR4/JUN/SFRP1/MIR221/MEF2C/KAT2B/EVI2B/HIST1H3A/LRRC17/HIST1H3J/FBN1/MYC/HIST1H3F/HIST1H3G/HIST1H4A/NFKBIA/LEF1/TLR3/PIK3R1/HIST1H3B/MIR222/INPP5D/HIST1H4D/INHBA/LGALS3/LIF/HIST1H3E/HIST1H4B/HIST1H4F/HIST2H4B/HIST2H4A/CDK6",33
"GO:1903046","meiotic cell cycle process","28/967","189/17653",1.50224009630057e-06,0.000118142837795727,0.000103065969647943,"CCNE2/XRCC2/RAD51/MASTL/NCAPH/TRIP13/BRIP1/FIGNL1/NCAPD3/BRCA2/DSN1/FANCA/FBXO5/MSH2/MYBL1/SGO1/TTK/FANCD2/LIF/ESPL1/PLK1/PSMC3IP/NUF2/EME1/BUB1/AURKA/CKS2/SGO2",28
"GO:0090329","regulation of DNA-dependent DNA replication","13/967","49/17653",1.53405858768161e-06,0.000119319414105609,0.000104092396475886,"E2F7/BLM/E2F8/TICRR/CDK2/RFC3/GMNN/RFC2/BMP5/BRCA2/RFC4/DSCC1/TIPIN",13
"GO:0051310","metaphase plate congression","14/967","57/17653",1.68225069245942e-06,0.000129423591317693,0.000112907123134634,"CDCA5/FAM83D/KIFC1/CDCA8/RRS1/KIF2C/SPDL1/CHMP4C/CCNB1/NUF2/CENPQ/SPAG5/KIF14/CENPE",14
"GO:0034501","protein localization to kinetochore","8/967","18/17653",2.10642883680865e-06,0.000160315089321845,0.000139856384343175,"HASPIN/AURKB/CDK1/TTK/SPDL1/MTBP/CENPQ/KNL1",8
"GO:0042063","gliogenesis","34/967","260/17653",2.23023549736606e-06,0.000167931987769755,0.000146501247788906,"ETV5/LDLR/TLR4/MIR221/SH3TC2/AHNAK2/SOX2/AREG/ROR1/PLP1/TNFRSF21/LRP1/CLU/EGFR/KCNJ10/PTPRZ1/MYRF/CDK1/LEF1/LAMA2/SOX11/SOX4/TGFB1/PPARG/MIR222/NFIB/LIF/TSPAN2/MYB/PTN/TGFB2/CDK6/DUSP10/ASPA",34
"GO:0048660","regulation of smooth muscle cell proliferation","23/967","143/17653",3.10643694809118e-06,0.000231445902300941,0.000201909796537428,"IGFBP5/JUN/MIR221/MEF2C/TGM2/HPGD/APOD/EGFR/CALCRL/TNFAIP3/HMOX1/IL6R/PPARG/NDRG2/MIR222/PPARGC1A/MYB/PDGFRB/FGFR2/KLF4/PRKG1/IRAK4/IGFBP3",23
"GO:0001822","kidney development","34/967","264/17653",3.14652607663162e-06,0.000231990745524985,0.000202385109271064,"SERPINF1/CD24/SFRP1/MEF2C/RARB/PBX1/ROBO2/HPGD/FGF1/LGR4/ARID5B/FAT4/SULF1/GDF11/DCN/ACTA2/FBN1/MYC/MAGI2/SERPINB7/SOX11/SOX4/TGFB1/ID3/KLHL3/PLCE1/LIF/EGR1/PDGFRB/FGFR2/ENPEP/TGFB2/GCNT1/CALB1",34
"GO:0006301","postreplication repair","13/967","53/17653",4.0079067539736e-06,0.000292453237161084,0.000255131644262715,"DTL/POLE2/PCNA/POLD3/UBA7/RAD18/RFC3/RFC2/BRCA1/RFC4/MSH2/POLD4/RPA2",13
"GO:1901989","positive regulation of cell cycle phase transition","17/967","87/17653",4.10052055554112e-06,0.000296158005021633,0.000258363625980711,"DTL/CCND1/CDC25A/CDCA5/MIR221/CDC45/PBX1/CDC6/FAM83D/CDK1/UBE2C/TGFB1/MIR222/ESPL1/CCNB1/MTBP/CDC25C",17
"GO:0006338","chromatin remodeling","27/967","188/17653",4.20184906437455e-06,0.000300410986642859,0.00026207386083595,"KAT2B/SATB1/HMGA2/CENPK/CENPU/HELLS/HJURP/MYC/HIST1H4A/CENPO/CENPN/HIST1H4D/HDAC5/SUV39H2/MYB/HIST1H4B/TOX/HIST1H4F/CENPA/CENPQ/OIP5/HIST2H4B/HIST2H4A/CENPL/KNL1/CENPI/CENPH",27
"GO:0033002","muscle cell proliferation","29/967","211/17653",4.57655332817101e-06,0.000323928444567944,0.00028259012445317,"IGFBP5/NOV/JUN/MIR221/MEF2C/TGM2/HPGD/APOD/EGFR/CALCRL/CDK1/TNFAIP3/HMOX1/IL6R/PPARG/NDRG2/MIR222/PPARGC1A/CCNB1/MYB/PDGFRB/FGFR2/SAV1/KLF4/TGFB2/PRKG1/IRAK4/IGFBP3/RBP4",29
"GO:0072395","signal transduction involved in cell cycle checkpoint","16/967","79/17653",4.8121861327002e-06,0.00033723419254705,0.000294197851531208,"DTL/E2F7/E2F8/PCNA/CDK2/BRCA1/CDK1/MUC1/E2F1/SOX11/SOX4/ABRAXAS1/CCNB1/PLK1/AURKA/CDC25C",16
"GO:0051321","meiotic cell cycle","32/967","246/17653",4.92382289970165e-06,0.000341674691020474,0.000298071673164602,"CCNE2/EXO1/XRCC2/RAD51/MASTL/NCAPH/RAD54L/TRIP13/BRIP1/FIGNL1/CDK2/NCAPD3/BRCA2/DSN1/FANCA/CDK1/FBXO5/MSH2/MYBL1/SGO1/TTK/FANCD2/LIF/ESPL1/PLK1/PSMC3IP/NUF2/EME1/BUB1/AURKA/CKS2/SGO2",32
"GO:0000086","G2/M transition of mitotic cell cycle","32/967","250/17653",6.92497037161246e-06,0.000475873206701679,0.000415144365864882,"DTL/CCND1/CDC25A/CLSPN/TUBA1A/PBX1/MASTL/PLK4/BLM/HMGA2/FANCI/TICRR/PKMYT1/CCNA2/CDK2/AURKB/BRCA1/CDK1/PHLDA1/HAUS8/MELK/CHMP4C/CCNB1/PLK1/AURKA/WEE1/CEP152/CDK6/KIF14/TPX2/CDC25C/HMMR",32
"GO:0010212","response to ionizing radiation","23/967","150/17653",7.09478313026811e-06,0.000482854567269593,0.000421234795973206,"CCND1/SNAI2/SFRP1/XRCC2/RAD51/RAD51AP1/BLM/RAD54L/HMGA2/TICRR/RFWD3/FIGNL1/BRCA1/BRCA2/MYC/TGFB1/MSH2/AEN/FANCD2/ECT2/ABRAXAS1/EGR1/CRYAB",23
"GO:0032465","regulation of cytokinesis","16/967","82/17653",7.97985939778303e-06,0.000537918522071507,0.00046927173160296,"E2F7/E2F8/CDC6/AURKB/BRCA2/MYO19/KIF13A/ECT2/PRC1/KIF23/CHMP4C/PLK1/KIF20B/AURKA/KIF14/RACGAP1",16
"GO:0010001","glial cell differentiation","27/967","197/17653",1.01804401863723e-05,0.000679784487161726,0.000593033387619263,"LDLR/TLR4/SH3TC2/AHNAK2/SOX2/ROR1/PLP1/TNFRSF21/LRP1/CLU/EGFR/KCNJ10/PTPRZ1/MYRF/CDK1/LEF1/LAMA2/SOX11/SOX4/TGFB1/PPARG/NFIB/LIF/TSPAN2/CDK6/DUSP10/ASPA",27
"GO:0044839","cell cycle G2/M phase transition","33/967","267/17653",1.05737906724647e-05,0.000699451311959863,0.000610190418934364,"DTL/CCND1/CDC25A/CLSPN/TUBA1A/PBX1/MASTL/PLK4/BLM/HMGA2/FANCI/TICRR/PKMYT1/CCNA2/CDK2/AURKB/BRCA1/CDK1/PHLDA1/HAUS8/MELK/ABRAXAS1/CHMP4C/CCNB1/PLK1/AURKA/WEE1/CEP152/CDK6/KIF14/TPX2/CDC25C/HMMR",33
"GO:0001655","urogenital system development","37/967","316/17653",1.09855339602853e-05,0.000719959346026848,0.000628081308099744,"SERPINF1/CD24/SFRP1/MEF2C/RARB/PBX1/LGR5/ROBO2/HPGD/FGF1/LGR4/ARID5B/FAT4/SULF1/GDF11/DCN/ACTA2/FBN1/MYC/MAGI2/SERPINB7/SOX11/SOX4/TGFB1/ID3/KLHL3/PLCE1/LIF/EGR1/PDGFRB/FGFR2/ENPEP/TGFB2/CEP55/GCNT1/CALB1/RBP4",37
"GO:0036297","interstrand cross-link repair","12/967","50/17653",1.19673251351811e-05,0.000777107589970751,0.000677936545079404,"RAD51/RAD51AP1/FANCB/FANCI/RFWD3/UBE2T/DCLRE1B/FANCA/USP1/FANCD2/EME1/RPA2",12
"GO:0021782","glial cell development","17/967","94/17653",1.2160009419076e-05,0.000782441333347455,0.000682589619639234,"LDLR/TLR4/SH3TC2/AHNAK2/ROR1/PLP1/LRP1/CLU/EGFR/KCNJ10/MYRF/SOX11/SOX4/TGFB1/TSPAN2/CDK6/ASPA",17
"GO:0042770","signal transduction in response to DNA damage","21/967","134/17653",1.24587085663022e-05,0.000794439092182766,0.00069305627738197,"DTL/SNAI2/E2F7/PMAIP1/SPRED2/E2F8/PCNA/ANKRD1/CDK2/BRCA1/BRCA2/CDK1/MUC1/E2F1/SOX4/ABRAXAS1/ING4/CCNB1/PLK1/AURKA/CDC25C",21
"GO:0007091","metaphase/anaphase transition of mitotic cell cycle","12/967","51/17653",1.48765725643032e-05,0.000940146255447659,0.000820168934795135,"MAD2L1/HECW2/TRIP13/CDC6/UBE2C/TTK/ESPL1/CCNB1/PLK1/BUB1/TACC3/CENPE",12
"GO:0000083","regulation of transcription involved in G1/S transition of mitotic cell cycle","9/967","29/17653",1.58384520821802e-05,0.000992075786174085,0.000865471447732363,"RRM2/CDC45/E2F7/ORC1/PCNA/CDC6/TYMS/E2F1/FBXO5",9
"GO:2000134","negative regulation of G1/S transition of mitotic cell cycle","19/967","116/17653",1.68249800629742e-05,0.00104462463934852,0.00091131424791696,"CCND1/E2F7/CTDSPL/E2F8/PCNA/SLFN11/RFWD3/GPNMB/CDK2/CDK1/MUC1/E2F1/SOX4/RBL1/CCNB1/AURKA/KLF4/RPA2/CDC25C",19
"GO:0048145","regulation of fibroblast proliferation","16/967","87/17653",1.75093530657329e-05,0.00107766261738485,0.000940136064838344,"NUPR1/JUN/SFRP1/FOSL2/TP53INP1/CDC6/CCNA2/EGFR/MYC/E2F1/TGFB1/PPARG/CCNB1/MYB/PDGFRB/CDK6",16
"GO:0007080","mitotic metaphase plate congression","11/967","44/17653",1.81933508894062e-05,0.00107988300476846,0.000942073096172246,"CDCA5/KIFC1/CDCA8/RRS1/KIF2C/SPDL1/CHMP4C/CCNB1/NUF2/KIF14/CENPE",11
"GO:0072401","signal transduction involved in DNA integrity checkpoint","15/967","78/17653",1.82872007155355e-05,0.00107988300476846,0.000942073096172246,"DTL/E2F7/E2F8/PCNA/CDK2/BRCA1/CDK1/MUC1/E2F1/SOX4/ABRAXAS1/CCNB1/PLK1/AURKA/CDC25C",15
"GO:0072422","signal transduction involved in DNA damage checkpoint","15/967","78/17653",1.82872007155355e-05,0.00107988300476846,0.000942073096172246,"DTL/E2F7/E2F8/PCNA/CDK2/BRCA1/CDK1/MUC1/E2F1/SOX4/ABRAXAS1/CCNB1/PLK1/AURKA/CDC25C",15
"GO:0044784","metaphase/anaphase transition of cell cycle","12/967","52/17653",1.83846147464166e-05,0.00107988300476846,0.000942073096172246,"MAD2L1/HECW2/TRIP13/CDC6/UBE2C/TTK/ESPL1/CCNB1/PLK1/BUB1/TACC3/CENPE",12
"GO:0045931","positive regulation of mitotic cell cycle","22/967","148/17653",1.842315288749e-05,0.00107988300476846,0.000942073096172246,"DTL/CCND1/TGFA/CDCA5/MIR221/CDC45/PBX1/MAD2L1/USP2/CDC6/RANBP1/BRCA2/CDK1/UBE2C/TGFB1/MIR222/ESPL1/CCNB1/KIF20B/PDGFRB/AURKA/MTBP",22
"GO:0006297","nucleotide-excision repair, DNA gap filling","8/967","23/17653",1.84608425511421e-05,0.00107988300476846,0.000942073096172246,"PCNA/POLD3/RFC3/RFC2/POLE/RFC4/POLD4/RPA2",8
"GO:0048144","fibroblast proliferation","16/967","88/17653",2.03277744119805e-05,0.00116975599421137,0.00102047689089155,"NUPR1/JUN/SFRP1/FOSL2/TP53INP1/CDC6/CCNA2/EGFR/MYC/E2F1/TGFB1/PPARG/CCNB1/MYB/PDGFRB/CDK6",16
"GO:0071158","positive regulation of cell cycle arrest","16/967","88/17653",2.03277744119805e-05,0.00116975599421137,0.00102047689089155,"E2F7/E2F8/PCNA/HMGA2/CDK2/BRCA1/CDK1/MUC1/E2F1/MYBBP1A/SOX4/TGFB1/CCNB1/AURKA/FAP/CDC25C",16
"GO:0016572","histone phosphorylation","10/967","37/17653",2.08529159138874e-05,0.00119029789385883,0.00103839732386132,"HASPIN/HMGA2/CCNA2/CDK2/AURKB/VRK1/CDK1/MAP3K12/CCNB1/AURKA",10
"GO:0048146","positive regulation of fibroblast proliferation","12/967","53/17653",2.25924317198145e-05,0.00127927385370278,0.00111601856394469,"JUN/FOSL2/CDC6/CCNA2/EGFR/MYC/E2F1/TGFB1/CCNB1/MYB/PDGFRB/CDK6",12
"GO:0031023","microtubule organizing center organization","20/967","129/17653",2.34128360302349e-05,0.0013152067731905,0.00114736588265128,"KAT2B/JHY/XRCC2/PLK4/STIL/CDK2/RANBP1/BRCA1/BRCA2/WDR62/CDK1/SGO1/HAUS8/CHMP4C/PLK1/SASS6/AURKA/KIF11/CEP152/CCNF",20
"GO:0006268","DNA unwinding involved in DNA replication","5/967","8/17653",2.37950684983535e-05,0.00131968317876538,0.00115127102908013,"MCM7/RAD51/MCM6/MCM4/MCM2",5
"GO:0048732","gland development","45/967","430/17653",2.38654205823634e-05,0.00131968317876538,0.00115127102908013,"ETV5/CCND1/SERPINF1/IGFBP5/JUN/SNAI2/SFRP1/SEMA3C/SOX2/AREG/RARB/PBX1/E2F7/TGM2/E2F8/PCNA/ARID5B/HK2/DKK3/EPHA2/TYMS/EGFR/SULF1/DDR1/HMGCL/CLDN1/ALDH1A3/SLC29A1/BRCA2/VDR/NFKBIA/TNFAIP3/LEF1/ROBO1/HMOX1/CPS1/HHEX/TGFB1/MDK/NFIB/AK4/FGFR2/AURKA/PTN/TGFB2",45
"GO:0035690","cellular response to drug","38/967","340/17653",2.4212686203267e-05,0.00132802717846972,0.00115855020432524,"SERPINF1/SFRP1/FOLR1/MEF2C/TP53INP1/ERRFI1/RAD51/BLM/PCNA/HMGA2/CYP1B1/ABCC2/GNAI1/CRHBP/CCNA2/ANKRD1/EGFR/CDK2/PRKN/BRCA1/EFNA5/MYC/SSH1/CDK1/TNFAIP3/HMOX1/TLR3/RGS8/TGFB1/PPARGC1A/ECT2/HSPH1/EGR1/MYB/P2RX4/PDE4B/KLF4/GCLM",38
"GO:0007098","centrosome cycle","19/967","119/17653",2.43915701046995e-05,0.00132802717846972,0.00115855020432524,"KAT2B/XRCC2/PLK4/STIL/CDK2/RANBP1/BRCA1/BRCA2/WDR62/CDK1/SGO1/HAUS8/CHMP4C/PLK1/SASS6/AURKA/KIF11/CEP152/CCNF",19
"GO:0031571","mitotic G1 DNA damage checkpoint","14/967","71/17653",2.5715476791233e-05,0.00137889503582081,0.0012029265299631,"CCND1/E2F7/E2F8/PCNA/RFWD3/CDK2/CDK1/MUC1/E2F1/SOX4/CCNB1/AURKA/RPA2/CDC25C",14
"GO:0044819","mitotic G1/S transition checkpoint","14/967","71/17653",2.5715476791233e-05,0.00137889503582081,0.0012029265299631,"CCND1/E2F7/E2F8/PCNA/RFWD3/CDK2/CDK1/MUC1/E2F1/SOX4/CCNB1/AURKA/RPA2/CDC25C",14
"GO:0044342","type B pancreatic cell proliferation","7/967","18/17653",2.70387210933722e-05,0.0014365756611425,0.00125324620815602,"IGFBP5/NOV/SFRP1/ERRFI1/SIDT2/IGFBP4/IGFBP3",7
"GO:0033273","response to vitamin","16/967","90/17653",2.71971091541529e-05,0.0014365756611425,0.00125324620815602,"CCND1/SNAI2/SFRP1/FOLR1/BRIP1/TYMS/EGFR/MTHFR/VDR/TGFB1/SPP1/PPARG/BCHE/AQP3/STC2/PTN",16
"GO:0010965","regulation of mitotic sister chromatid separation","12/967","54/17653",2.76141755194318e-05,0.0014478009950114,0.00126303901440146,"MAD2L1/HECW2/TRIP13/CDC6/UBE2C/TTK/ESPL1/CCNB1/PLK1/BUB1/TACC3/CENPE",12
"GO:0030330","DNA damage response, signal transduction by p53 class mediator","18/967","110/17653",2.82231090869139e-05,0.00146367186970096,0.00127688451802707,"SNAI2/E2F7/PMAIP1/SPRED2/E2F8/PCNA/ANKRD1/CDK2/BRCA1/BRCA2/CDK1/MUC1/E2F1/SOX4/ING4/CCNB1/AURKA/CDC25C",18
"GO:0051054","positive regulation of DNA metabolic process","28/967","220/17653",2.83304671021519e-05,0.00146367186970096,0.00127688451802707,"JUN/AREG/E2F7/NPAS2/ATAD5/RAD51/E2F8/DKC1/PCNA/EGFR/CDK2/RFC3/AURKB/RFC2/BRCA1/BMP5/MYC/CDK1/RFC4/DNA2/DSCC1/TGFB1/MSH2/PPARGC1A/ABRAXAS1/GNL3/PDGFRB/KLF4",28
"GO:0002762","negative regulation of myeloid leukocyte differentiation","11/967","46/17653",2.86172736011327e-05,0.00146777581557114,0.00128046473641682,"UBASH3B/TLR4/SFRP1/LRRC17/FBN1/MYC/TLR3/PIK3R1/INPP5D/INHBA/CDK6",11
"GO:0002244","hematopoietic progenitor cell differentiation","25/967","186/17653",2.99484481300431e-05,0.00151410797046032,0.00132088418594611,"FST/SFRP1/HIST1H3A/HIST1H3J/ESCO2/HERC6/HIST1H3F/HIST1H3G/PTPRZ1/HIST1H4A/RRS1/SOX4/TGFB1/HIST1H3B/STON2/HIST1H4D/INHBA/HIST1H3E/MYB/HIST1H4B/HIST1H4F/HIST2H4B/HIST2H4A/ANLN/BVES",25
"GO:2001020","regulation of response to DNA damage stimulus","25/967","186/17653",2.99484481300431e-05,0.00151410797046032,0.00132088418594611,"IER3/SNAI2/MIR221/NPAS2/DDIAS/PMAIP1/RAD51/WDR76/SPRED2/POLQ/RAD51AP1/PCNA/HMGA2/CLU/RFWD3/FIGNL1/ANKRD1/EGFR/AUNIP/BRCA1/MYC/USP1/MUC1/ABRAXAS1/RPA2",25
"GO:0044783","G1 DNA damage checkpoint","14/967","72/17653",3.03340904709352e-05,0.00152272831456226,0.00132840443973502,"CCND1/E2F7/E2F8/PCNA/RFWD3/CDK2/CDK1/MUC1/E2F1/SOX4/CCNB1/AURKA/RPA2/CDC25C",14
"GO:1901992","positive regulation of mitotic cell cycle phase transition","14/967","73/17653",3.56648435230629e-05,0.00177771663701577,0.00155085227654772,"DTL/CCND1/CDCA5/MIR221/CDC45/PBX1/CDC6/CDK1/UBE2C/TGFB1/MIR222/ESPL1/CCNB1/MTBP",14
"GO:0000724","double-strand break repair via homologous recombination","18/967","112/17653",3.61978698875855e-05,0.00179166799345685,0.00156302322238187,"CDC45/XRCC2/GINS2/RAD51/POLQ/RAD51AP1/BLM/RAD54L/RFWD3/FIGNL1/MCM8/AUNIP/BRCA1/BRCA2/MMS22L/GINS4/FEN1/RPA2",18
"GO:0060968","regulation of gene silencing","20/967","133/17653",3.6813046075027e-05,0.0018094634730489,0.00157854772131658,"CDC45/ATAD2/UHRF1/HIST1H3A/EGFR/HIST1H3J/CDK2/HIST1H3F/HIST1H3G/HIST1H4A/TGFB1/PPARG/HIST1H3B/HIST1H4D/NUP205/HIST1H3E/HIST1H4B/HIST1H4F/HIST2H4B/HIST2H4A",20
"GO:1901796","regulation of signal transduction by p53 class mediator","24/967","177/17653",3.7136390791171e-05,0.00181276809668902,0.0015814306234556,"SNAI2/EXO1/TP53INP1/PMAIP1/SPRED2/BLM/BRIP1/ANKRD1/CDK2/PRKN/RFC3/BOP1/AURKB/RFC2/BRCA1/RFC4/DNA2/MUC1/RRS1/RMI1/AURKA/TAF5/RPA2/TPX2",24
"GO:1902807","negative regulation of cell cycle G1/S phase transition","19/967","123/17653",3.9154181895954e-05,0.0018981732839696,0.00165593677722903,"CCND1/E2F7/CTDSPL/E2F8/PCNA/SLFN11/RFWD3/GPNMB/CDK2/CDK1/MUC1/E2F1/SOX4/RBL1/CCNB1/AURKA/KLF4/RPA2/CDC25C",19
"GO:0002683","negative regulation of immune system process","44/967","426/17653",4.02021985817838e-05,0.00192946940687166,0.00168323902688972,"LDLR/UBASH3B/NOV/TLR4/SFRP1/MIR221/PDE5A/LRRC17/TNFRSF21/LGR4/LY96/APOD/GPNMB/IL1RL1/DHX58/FBN1/BMP5/LPXN/ELF1/MYC/HIST1H4A/NFKBIA/TNFAIP3/HMOX1/TLR3/SOX11/TGFB1/PPARG/PIK3R1/MIR222/INPP5D/HIST1H4D/INHBA/LGALS3/MMP12/HIST1H4B/HIST1H4F/CD200/BANK1/TGFB2/HIST2H4B/HIST2H4A/CDK6/DUSP10",44
"GO:0051306","mitotic sister chromatid separation","12/967","56/17653",4.0628968808664e-05,0.00192946940687166,0.00168323902688972,"MAD2L1/HECW2/TRIP13/CDC6/UBE2C/TTK/ESPL1/CCNB1/PLK1/BUB1/TACC3/CENPE",12
"GO:0000725","recombinational repair","18/967","113/17653",4.0890140015647e-05,0.00192946940687166,0.00168323902688972,"CDC45/XRCC2/GINS2/RAD51/POLQ/RAD51AP1/BLM/RAD54L/RFWD3/FIGNL1/MCM8/AUNIP/BRCA1/BRCA2/MMS22L/GINS4/FEN1/RPA2",18
"GO:0071156","regulation of cell cycle arrest","18/967","113/17653",4.0890140015647e-05,0.00192946940687166,0.00168323902688972,"CCND1/E2F7/EVI2B/E2F8/PCNA/HMGA2/CDK2/BRCA1/CDK1/MUC1/E2F1/MYBBP1A/SOX4/TGFB1/CCNB1/AURKA/FAP/CDC25C",18
"GO:0030071","regulation of mitotic metaphase/anaphase transition","11/967","48/17653",4.38321618641102e-05,0.00205459630247796,0.00179239777967843,"MAD2L1/HECW2/TRIP13/CDC6/UBE2C/TTK/ESPL1/CCNB1/PLK1/BUB1/CENPE",11
"GO:1902749","regulation of cell cycle G2/M phase transition","27/967","216/17653",5.37116276496795e-05,0.00248658708891969,0.00216925980630908,"DTL/CCND1/CDC25A/CLSPN/TUBA1A/PBX1/PLK4/BLM/HMGA2/FANCI/TICRR/CDK2/AURKB/BRCA1/CDK1/HAUS8/ABRAXAS1/CHMP4C/CCNB1/PLK1/AURKA/CEP152/CDK6/KIF14/TPX2/CDC25C/HMMR",27
"GO:1902099","regulation of metaphase/anaphase transition of cell cycle","11/967","49/17653",5.37507522753196e-05,0.00248658708891969,0.00216925980630908,"MAD2L1/HECW2/TRIP13/CDC6/UBE2C/TTK/ESPL1/CCNB1/PLK1/BUB1/CENPE",11
"GO:0001889","liver development","20/967","137/17653",5.66805353004106e-05,0.00258116463121871,0.00225176777958819,"CCND1/JUN/RARB/E2F7/E2F8/PCNA/ARID5B/TYMS/EGFR/HMGCL/CLDN1/NFKBIA/TNFAIP3/HMOX1/CPS1/HHEX/TGFB1/AK4/AURKA/PTN",20
"GO:0033045","regulation of sister chromatid segregation","14/967","76/17653",5.68891893854364e-05,0.00258116463121871,0.00225176777958819,"CDCA5/MAD2L1/HECW2/TRIP13/CDC6/UBE2C/TTK/ESPL1/CCNB1/FEN1/PLK1/BUB1/TACC3/CENPE",14
"GO:0045652","regulation of megakaryocyte differentiation","14/967","76/17653",5.68891893854364e-05,0.00258116463121871,0.00225176777958819,"MEF2C/KAT2B/HIST1H3A/HIST1H3J/HIST1H3F/HIST1H3G/HIST1H4A/HIST1H3B/HIST1H4D/HIST1H3E/HIST1H4B/HIST1H4F/HIST2H4B/HIST2H4A",14
"GO:0051101","regulation of DNA binding","18/967","116/17653",5.83686879505887e-05,0.00262742007074431,0.00229212030383042,"JUN/CDCA5/HMGA2/HJURP/PRKN/PLAUR/NFKBIA/E2F1/LEF1/HMOX1/FAM129B/SOX11/TGFB1/ID3/PPARG/LIF/ZFP90/KLF4",18
"GO:1905818","regulation of chromosome separation","12/967","58/17653",5.86510838058209e-05,0.00262742007074431,0.00229212030383042,"MAD2L1/HECW2/TRIP13/CDC6/UBE2C/TTK/ESPL1/CCNB1/PLK1/BUB1/TACC3/CENPE",12
"GO:0030099","myeloid cell differentiation","41/967","394/17653",6.16733623712551e-05,0.00274543433247638,0.00239507410572514,"UBASH3B/TLR4/JUN/SFRP1/MIR221/MEF2C/KAT2B/EVI2B/HIST1H3A/LRRC17/LYAR/ACTN1/EPHA2/HIST1H3J/FBN1/MYC/HIST1H3F/HIST1H3G/HIST1H4A/NFKBIA/LEF1/TLR3/HHEX/TGFB1/PPARG/PIK3R1/HIST1H3B/MIR222/INPP5D/HIST1H4D/INHBA/LGALS3/LIF/HIST1H3E/TSPAN2/HIST1H4B/HIST1H4F/HIST2H4B/HIST2H4A/CDK6/SNX10",41
"GO:0097421","liver regeneration","9/967","34/17653",6.4756658628901e-05,0.00286467268609601,0.00249909578629693,"CCND1/PCNA/TYMS/EGFR/CLDN1/NFKBIA/HMOX1/TGFB1/AURKA",9
"GO:0051303","establishment of chromosome localization","14/967","77/17653",6.60762436756879e-05,0.00290489225302186,0.00253418270939252,"CDCA5/FAM83D/KIFC1/CDCA8/RRS1/KIF2C/SPDL1/CHMP4C/CCNB1/NUF2/CENPQ/SPAG5/KIF14/CENPE",14
"GO:0000910","cytokinesis","23/967","172/17653",6.66185052436917e-05,0.00291065296367191,0.00253920826354448,"ANK3/E2F7/E2F8/CDC6/AURKB/BRCA2/MYO19/RND3/RHOBTB1/KIF13A/ECT2/PRC1/KIF23/CHMP4C/ESPL1/PLK1/KIF20B/CENPA/AURKA/ANLN/CEP55/KIF14/RACGAP1",23
"GO:0019985","translesion synthesis","10/967","42/17653",6.86297783535876e-05,0.00296553956321647,0.00258709047721298,"DTL/POLE2/PCNA/POLD3/UBA7/RFC3/RFC2/RFC4/POLD4/RPA2",10
"GO:0045671","negative regulation of osteoclast differentiation","8/967","27/17653",6.87126996845862e-05,0.00296553956321647,0.00258709047721298,"UBASH3B/TLR4/SFRP1/LRRC17/FBN1/TLR3/PIK3R1/INPP5D",8
"GO:0007009","plasma membrane organization","14/967","78/17653",7.65300968232212e-05,0.00325816891797642,0.00284237576372297,"ANK3/SH3TC2/AHNAK2/P2RX7/PLSCR4/CLU/FAT4/BAIAP2L1/ANK2/SYT11/DYSF/MYRF/ANO4/TGFB2",14
"GO:0050000","chromosome localization","14/967","78/17653",7.65300968232212e-05,0.00325816891797642,0.00284237576372297,"CDCA5/FAM83D/KIFC1/CDCA8/RRS1/KIF2C/SPDL1/CHMP4C/CCNB1/NUF2/CENPQ/SPAG5/KIF14/CENPE",14
"GO:0051262","protein tetramerization","21/967","151/17653",7.69572225488289e-05,0.00325816891797642,0.00284237576372297,"TRPM3/HIST1H3A/HSD17B8/HIST1H3J/DECR1/HMGCL/ALDH1A3/SYT11/HIST1H3F/HIST1H3G/HIST1H4A/HIST1H3B/HIST1H4D/HIST1H3E/HIST1H4B/HIST1H4F/KCNJ2/HIST2H4B/HIST2H4A/TRPM8/TRPA1",21
"GO:0061008","hepaticobiliary system development","20/967","140/17653",7.73343286549926e-05,0.00325816891797642,0.00284237576372297,"CCND1/JUN/RARB/E2F7/E2F8/PCNA/ARID5B/TYMS/EGFR/HMGCL/CLDN1/NFKBIA/TNFAIP3/HMOX1/CPS1/HHEX/TGFB1/AK4/AURKA/PTN",20
"GO:0000079","regulation of cyclin-dependent protein serine/threonine kinase activity","15/967","88/17653",7.96207149797416e-05,0.00333464745932906,0.00290909445077025,"CCND1/CCNE2/CDC25A/KAT2B/BLM/PKMYT1/CDC6/EGFR/TNFAIP3/HHEX/CCNB1/PLK1/CDK6/CKS2/CDC25C",15
"GO:0051962","positive regulation of nervous system development","48/967","493/17653",8.06862305970326e-05,0.00335939494215174,0.00293068376892999,"DCT/ETV5/SERPINF1/AMIGO2/MIR221/TRAK1/CNTN1/MEF2C/RARB/TENM3/SEMA6A/ZEB2/XRCC2/ROBO2/SHTN1/LRP8/NEFL/IL1RAP/ANKRD1/PRKN/NEDD4L/PLXNB3/TCF4/BMP5/EFNA5/CDKL5/PRKD1/MAGI2/LRRC7/LINGO2/MYRF/ROBO1/SOX11/PPARG/CYB5D2/MIR222/ECT2/LIF/SLITRK3/BEND6/ADGRL3/MYB/KIF20B/MMD/SYT1/PTN/ASPA/NRCAM",48
"GO:0022612","gland morphogenesis","18/967","119/17653",8.21579884832176e-05,0.00340066808470301,0.00296668981497417,"ETV5/IGFBP5/SNAI2/SFRP1/SEMA3C/AREG/TGM2/EPHA2/EGFR/SULF1/DDR1/VDR/TNFAIP3/TGFB1/NFIB/FGFR2/PTN/TGFB2",18
"GO:1903707","negative regulation of hemopoiesis","20/967","142/17653",9.45741366159323e-05,0.00389183569167191,0.00339517677716682,"UBASH3B/TLR4/SFRP1/MIR221/LRRC17/FBN1/MYC/HIST1H4A/NFKBIA/TLR3/PIK3R1/MIR222/INPP5D/HIST1H4D/INHBA/HIST1H4B/HIST1H4F/HIST2H4B/HIST2H4A/CDK6",20
"GO:1902969","mitotic DNA replication","5/967","10/17653",9.76138460981076e-05,0.00399370406174801,0.00348404515492242,"CDC45/GINS1/GINS2/RAD51/BRCA2",5
"GO:0061564","axon development","48/967","497/17653",9.81957002691277e-05,0.00399442049715451,0.00348467016200062,"ANK3/JUN/SEMA3C/MIR221/TRAK1/FOLR1/SEMA6A/INPP5F/EPHA5/ZEB2/ATL1/PLP1/ROBO2/GAB1/ALCAM/NREP/SHTN1/NEFL/RAPH1/SPON2/APOD/PLXNB3/DDR1/EFNA5/CDKL5/NRP2/PTPRZ1/SSH1/LINGO2/ETV1/ROBO1/LAMA2/FAM129B/SPP1/PIK3R1/MIR222/NFIB/NTNG1/SLITRK3/TSPAN2/FGFR2/KLF4/UNC5C/SSH3/LUM/PRELP/LHX9/NRCAM",48
"GO:0033044","regulation of chromosome organization","34/967","311/17653",9.88402035253568e-05,0.00399766263172843,0.00348749854965259,"SNAI2/CDCA5/CDC45/HIST1H1B/ATAD2/UHRF1/MAD2L1/HECW2/DKC1/TRIP13/CDC6/AURKB/BRCA1/MTHFR/PRKD1/MYC/WDHD1/MKI67/MUC1/UBE2C/TGFB1/PPARGC1A/TTK/LIF/PHF19/ESPL1/CCNB1/FEN1/PLK1/MYB/BUB1/GNL3/TACC3/CENPE",34
"GO:0051304","chromosome separation","14/967","80/17653",0.000101825705489279,0.00409501331507451,0.00357242576794323,"MAD2L1/HECW2/TRIP13/CDC6/NCAPD3/UBE2C/TTK/ESPL1/CCNB1/PLK1/EME1/BUB1/TACC3/CENPE",14
"GO:0050769","positive regulation of neurogenesis","43/967","430/17653",0.000103054659891997,0.00412102193624606,0.00359511528353525,"DCT/ETV5/SERPINF1/MIR221/TRAK1/CNTN1/MEF2C/RARB/TENM3/SEMA6A/ZEB2/XRCC2/ROBO2/SHTN1/LRP8/NEFL/IL1RAP/ANKRD1/PRKN/NEDD4L/PLXNB3/TCF4/BMP5/EFNA5/CDKL5/PRKD1/MAGI2/LRRC7/ROBO1/SOX11/PPARG/CYB5D2/MIR222/ECT2/LIF/BEND6/MYB/KIF20B/MMD/SYT1/PTN/ASPA/NRCAM",43
"GO:0014009","glial cell proliferation","9/967","36/17653",0.000105291616309554,0.00416343050412862,0.00363211185693527,"ETV5/MIR221/AREG/CLU/SOX11/SOX4/MIR222/MYB/PTN",9
"GO:0045005","DNA-dependent DNA replication maintenance of fidelity","9/967","36/17653",0.000105291616309554,0.00416343050412862,0.00363211185693527,"RAD51/BLM/PCNA/RFWD3/BRCA2/POLE/MMS22L/TIPIN/EME1",9
"GO:1900262","regulation of DNA-directed DNA polymerase activity","4/967","6/17653",0.000122812380792364,0.00480257475827819,0.00418969133892414,"RFC3/RFC2/RFC4/DSCC1",4
"GO:1900264","positive regulation of DNA-directed DNA polymerase activity","4/967","6/17653",0.000122812380792364,0.00480257475827819,0.00418969133892414,"RFC3/RFC2/RFC4/DSCC1",4
"GO:0031103","axon regeneration","10/967","45/17653",0.000128136871612291,0.00498325701797689,0.00434731572514574,"JUN/MIR221/FOLR1/INPP5F/NREP/NEFL/APOD/SPP1/MIR222/KLF4",10
"GO:0001933","negative regulation of protein phosphorylation","43/967","435/17653",0.000133571451715793,0.00516622259696382,0.0045069320435136,"DUSP6/SPRY2/SPRY4/UBASH3B/TLR4/JUN/SFRP1/MIR221/TIMP3/INPP5F/KAT2B/DUSP4/MVP/TRIB2/P2RX7/FAM129A/ERRFI1/SPRED2/CTDSPL/PBK/PLPP3/PRKN/DCN/MYC/TNFAIP3/PBLD/HHEX/SMPD1/TGFB1/GPRC5A/NDRG2/CBLB/PPARGC1A/LIF/HSPH1/CCNB1/PLK1/BGN/KLF4/CDK6/DUSP10/IGFBP3/DUSP19",43
"GO:0009411","response to UV","19/967","135/17653",0.000141600673872492,0.00544700853081248,0.00475188531427939,"DTL/CCND1/CDC25A/BMF/TP53INP1/PBK/PCNA/EGFR/RAD18/AURKB/BRCA2/MYC/USP1/MSH2/PIK3R1/TIPIN/FEN1/PTN/HIST3H2A",19
"GO:0050680","negative regulation of epithelial cell proliferation","21/967","158/17653",0.000148367646369828,0.0056661345943485,0.00494304747556525,"SERPINF1/SNAI2/SFRP1/SOX2/MEF2C/MCC/SULF1/BRCA2/VDR/ROBO1/PBLD/TGFB1/PPARG/MIR222/NFIB/FGFR2/PTN/SAV1/TGFB2/CDK6/DUSP10",21
"GO:0001649","osteoblast differentiation","25/967","205/17653",0.000148898139947559,0.0056661345943485,0.00494304747556525,"IGFBP5/SNAI2/SFRP1/SOX2/AREG/MEF2C/LGR4/IFITM1/EPHA2/FIGNL1/GPNMB/CYR61/TP53INP2/DDX21/PRKD1/LEF1/MYBBP1A/SOX11/RORB/IL6R/SPP1/ID3/FGFR2/CDK6/IGFBP3",25
"GO:0050678","regulation of epithelial cell proliferation","37/967","357/17653",0.00015039127001409,0.00569234978160284,0.00496591719618718,"CCND1/SERPINF1/TGFA/ITGB3/JUN/SNAI2/SFRP1/SOX2/MEF2C/MCC/FGF1/ERRFI1/EGFR/SULF1/PLXNB3/BMP5/BRCA2/PRKD1/NRP2/VDR/MYC/TNFAIP3/ROBO1/HMOX1/SOX11/PBLD/TGFB1/PPARG/MIR222/NFIB/MMP12/FGFR2/PTN/SAV1/TGFB2/CDK6/DUSP10",37
"GO:1904029","regulation of cyclin-dependent protein kinase activity","15/967","93/17653",0.000151825521876379,0.00571606938213305,0.00498660980586137,"CCND1/CCNE2/CDC25A/KAT2B/BLM/PKMYT1/CDC6/EGFR/TNFAIP3/HHEX/CCNB1/PLK1/CDK6/CKS2/CDC25C",15
"GO:0007099","centriole replication","8/967","30/17653",0.000156447887826347,0.00585036262118174,0.00510376513375055,"KAT2B/PLK4/STIL/CDK2/BRCA1/WDR62/SASS6/CEP152",8
"GO:0001503","ossification","38/967","371/17653",0.000157045619952604,0.00585036262118174,0.00510376513375055,"IGFBP5/SNAI2/SFRP1/SOX2/AREG/MEF2C/PBX1/THBS3/MGP/P2RX7/LGR4/IFITM1/FAT4/EPHA2/FIGNL1/EGFR/GPNMB/CYR61/CHSY1/CTSK/TP53INP2/BMP5/DDX21/PRKD1/RFLNB/LEF1/MYBBP1A/SOX11/RORB/TGFB1/IL6R/SPP1/ID3/FGFR2/PTN/TGFB2/CDK6/IGFBP3",38
"GO:0048662","negative regulation of smooth muscle cell proliferation","11/967","55/17653",0.000163365970640072,0.00604051283127294,0.00526964921227333,"IGFBP5/MEF2C/APOD/TNFAIP3/HMOX1/PPARG/NDRG2/PPARGC1A/KLF4/PRKG1/IGFBP3",11
"GO:0048863","stem cell differentiation","30/967","268/17653",0.000163856804691213,0.00604051283127294,0.00526964921227333,"SNAI2/SFRP1/SEMA3C/FOLR1/MEF2C/ZEB2/HIST1H3A/HMGA2/HIST1H3J/ZFP36L2/HIST1H3F/TCOF1/HIST1H3G/HIST1H4A/LEF1/SOX11/HHEX/HIST1H3B/BCHE/HIST1H4D/POU6F2/LIF/HIST1H3E/MYB/HIST1H4B/HIST1H4F/FGFR2/TGFB2/HIST2H4B/HIST2H4A",30
"GO:0022617","extracellular matrix disassembly","15/967","94/17653",0.000171663533770794,0.00628847546004744,0.00548596794346281,"SCUBE3/LRP1/DCN/DDR1/CTSK/FBN1/HSPG2/TGFB1/SPP1/MMP1/MMP15/DPP4/MMP19/MMP12/FAP",15
"GO:0072006","nephron development","19/967","137/17653",0.000172360022499181,0.00628847546004744,0.00548596794346281,"CD24/MEF2C/PBX1/FGF1/LGR4/FAT4/SULF1/ACTA2/MYC/MAGI2/SERPINB7/TGFB1/KLHL3/PLCE1/LIF/EGR1/PDGFRB/ENPEP/CALB1",19
"GO:0051781","positive regulation of cell division","14/967","84/17653",0.000174822899038031,0.00634562297123682,0.00553582254119885,"TGFA/FGF1/CDC6/AURKB/TGFB1/MDK/ECT2/KIF23/KIF20B/FGFR2/PTN/TGFB2/KIF14/RACGAP1",14
"GO:0033047","regulation of mitotic sister chromatid segregation","12/967","65/17653",0.000186092888160506,0.00672023195102071,0.00586262557437984,"MAD2L1/HECW2/TRIP13/CDC6/UBE2C/TTK/ESPL1/CCNB1/PLK1/BUB1/TACC3/CENPE",12
"GO:0009314","response to radiation","43/967","442/17653",0.000190056400789125,0.00682852388215951,0.00595709776665244,"DTL/CCND1/CDC25A/JUN/SNAI2/SFRP1/BMF/BEST1/XRCC2/TP53INP1/RAD51/RAD51AP1/BLM/PBK/PCNA/RAD54L/HMGA2/TICRR/USP2/RFWD3/FIGNL1/EGFR/RPE65/RAD18/AURKB/BRCA1/BRCA2/MYC/USP1/TGFB1/MSH2/PIK3R1/AEN/TIPIN/FANCD2/ECT2/ABRAXAS1/EGR1/FEN1/CRYAB/PTN/GRIN2A/HIST3H2A",43
"GO:0030336","negative regulation of cell migration","32/967","296/17653",0.000192303783427123,0.00687437464190493,0.00599709725456408,"SERPINF1/IGFBP5/NOV/SFRP1/MIR221/MEF2C/MCC/TP53INP1/CYP1B1/LRP1/IFITM1/APOD/SULF1/PLXNB3/DCN/BMP5/ADAMTS9/MAGI2/ROBO1/HMOX1/PBLD/TGFB1/IL24/PPARG/RRAS/PPARGC1A/HDAC5/PTN/KLF4/PRKG1/DUSP10/IGFBP3",32
"GO:0000076","DNA replication checkpoint","6/967","17/17653",0.00019527908493008,0.00694428359048013,0.00605808473130329,"CLSPN/CDC45/TICRR/CDC6/DNA2/TIPIN",6
"GO:0032508","DNA duplex unwinding","13/967","75/17653",0.000197202741125531,0.00694428359048013,0.00605808473130329,"CDC45/GINS1/MCM7/GINS2/MCM5/RAD51/MCM6/MCM4/BLM/MCM2/BRIP1/DNA2/GINS4",13
"GO:1905954","positive regulation of lipid localization","13/967","75/17653",0.000197202741125531,0.00694428359048013,0.00605808473130329,"CD36/P2RX7/C3/LRP1/LRAT/NFKBIA/ATP8A1/SPP1/ABCA12/LPL/PLTP/MYB/P2RX4",13
"GO:0032392","DNA geometric change","14/967","85/17653",0.000198921048236543,0.00697011474959531,0.00608061943176427,"CDC45/GINS1/MCM7/GINS2/MCM5/RAD51/MCM6/MCM4/BLM/MCM2/RAD54L/BRIP1/DNA2/GINS4",14
"GO:0014002","astrocyte development","8/967","31/17653",0.000200821509023608,0.00700204256585762,0.00610847276086328,"LDLR/TLR4/ROR1/PLP1/LRP1/EGFR/TSPAN2/CDK6",8
"GO:0031572","G2 DNA damage checkpoint","9/967","39/17653",0.00020439893185243,0.00705286727308582,0.00615281144300671,"DTL/CLSPN/BLM/HMGA2/FANCI/BRCA1/CDK1/ABRAXAS1/PLK1",9
"GO:0071214","cellular response to abiotic stimulus","33/967","310/17653",0.000205268530411935,0.00705286727308582,0.00615281144300671,"CDC25A/TLR4/SNAI2/SFRP1/BMF/SLC38A3/MYLK/TP53INP1/ERRFI1/RAD51/RAD51AP1/BLM/PBK/PCNA/HMGA2/FIGNL1/ANKRD1/EGFR/RPE65/AURKB/TNFRSF10A/SLC12A6/SCN2A/MYC/TLR3/TGFB1/PIK3R1/ECT2/EGR1/CRYAB/PTN/KCNJ2/HIST3H2A",33
"GO:0104004","cellular response to environmental stimulus","33/967","310/17653",0.000205268530411935,0.00705286727308582,0.00615281144300671,"CDC25A/TLR4/SNAI2/SFRP1/BMF/SLC38A3/MYLK/TP53INP1/ERRFI1/RAD51/RAD51AP1/BLM/PBK/PCNA/HMGA2/FIGNL1/ANKRD1/EGFR/RPE65/AURKB/TNFRSF10A/SLC12A6/SCN2A/MYC/TLR3/TGFB1/PIK3R1/ECT2/EGR1/CRYAB/PTN/KCNJ2/HIST3H2A",33
"GO:0010389","regulation of G2/M transition of mitotic cell cycle","24/967","198/17653",0.000219753729657602,0.00751409129718121,0.0065551760903712,"DTL/CCND1/CLSPN/TUBA1A/PBX1/PLK4/BLM/HMGA2/FANCI/TICRR/CDK2/AURKB/BRCA1/CDK1/HAUS8/CHMP4C/CCNB1/PLK1/AURKA/CEP152/CDK6/KIF14/TPX2/HMMR",24
"GO:0048661","positive regulation of smooth muscle cell proliferation","14/967","86/17653",0.000225826986479158,0.00768463178028597,0.00670395294881954,"JUN/MIR221/TGM2/HPGD/EGFR/CALCRL/HMOX1/IL6R/MIR222/PPARGC1A/MYB/PDGFRB/FGFR2/IRAK4",14
"GO:0060964","regulation of gene silencing by miRNA","16/967","107/17653",0.000229747379457661,0.00778063134833169,0.00678770147518831,"HIST1H3A/EGFR/HIST1H3J/HIST1H3F/HIST1H3G/HIST1H4A/TGFB1/PPARG/HIST1H3B/HIST1H4D/NUP205/HIST1H3E/HIST1H4B/HIST1H4F/HIST2H4B/HIST2H4A",16
"GO:0006310","DNA recombination","29/967","261/17653",0.000237447924396749,0.00800312575657235,0.00698180212787635,"CDC45/EXO1/XRCC2/GINS2/ATAD5/RAD51/POLQ/RAD51AP1/BLM/RAD54L/TRIP13/BRIP1/RFWD3/FIGNL1/MCM8/AUNIP/BRCA1/BRCA2/MMS22L/DNA2/LEF1/TGFB1/MSH2/GINS4/FEN1/PSMC3IP/EME1/RMI1/RPA2",29
"GO:0070373","negative regulation of ERK1 and ERK2 cascade","12/967","67/17653",0.000250528922821264,0.00840399865274363,0.00733151739221519,"DUSP6/SPRY2/SPRY4/TLR4/MIR221/TIMP3/DUSP4/ERRFI1/NDRG2/LIF/KLF4/DUSP10",12
"GO:0031100","animal organ regeneration","13/967","77/17653",0.000258672598938838,0.00863624837400515,0.00753412842788094,"CCND1/PCNA/CCNA2/TYMS/EGFR/CLDN1/CDK1/NFKBIA/HMOX1/TGFB1/PPARG/PRPS2/AURKA",13
"GO:0007416","synapse assembly","20/967","153/17653",0.000264676346753779,0.00879520742874765,0.00767280182879995,"AMIGO2/MEF2C/ROBO2/ADGRF1/PCDHB18P/PCDHB15/IL1RAP/EFNA5/MAGI2/LINGO2/PCDHB10/PCDHB8/PCDHB14/SLITRK3/ADGRL3/PCDHB3/CDH9/PCDHB13/NRCAM/PCDHB4",20
"GO:0032466","negative regulation of cytokinesis","4/967","7/17653",0.000274100082828436,0.00906579619747509,0.0079088592517049,"E2F7/E2F8/AURKB/CHMP4C",4
"GO:0045653","negative regulation of megakaryocyte differentiation","6/967","18/17653",0.000279399266848434,0.00908269768880912,0.0079236038492221,"HIST1H4A/HIST1H4D/HIST1H4B/HIST1H4F/HIST2H4B/HIST2H4A",6
"GO:0010935","regulation of macrophage cytokine production","5/967","12/17653",0.000279744009064762,0.00908269768880912,0.0079236038492221,"CD36/TLR4/SPON2/TGFB1/TGFB2",5
"GO:0035404","histone-serine phosphorylation","5/967","12/17653",0.000279744009064762,0.00908269768880912,0.0079236038492221,"HMGA2/AURKB/VRK1/CCNB1/AURKA",5
"GO:0051988","regulation of attachment of spindle microtubules to kinetochore","5/967","12/17653",0.000279744009064762,0.00908269768880912,0.0079236038492221,"ECT2/KNSTRN/CCNB1/SPAG5/RACGAP1",5
"GO:0045666","positive regulation of neuron differentiation","35/967","343/17653",0.000301794352430373,0.00975388322603734,0.00850913564699143,"ETV5/SERPINF1/MIR221/TRAK1/CNTN1/MEF2C/RARB/TENM3/ZEB2/ROBO2/SHTN1/LRP8/NEFL/IL1RAP/ANKRD1/PRKN/NEDD4L/PLXNB3/TCF4/BMP5/EFNA5/CDKL5/PRKD1/MAGI2/LRRC7/ROBO1/SOX11/CYB5D2/MIR222/ECT2/BEND6/MMD/SYT1/PTN/NRCAM",35
